ID,Group Number,Category Number,Name,Manifest,Bundle Path,File Name,Child Attachment Transform,Animation,Color 1,Pattern 1,Color 2,Pattern 2,Color 3,Pattern 3,Scaling,Emission
1,11,2963303,CunnilingusA1,,studio/open_nsfw_voice_pack_m_lewddmon/bundle.unity3d,cunnilingus_a1,,FALSE,FALSE,FALSE,FALSE,FALSE,FALSE,FALSE,FALSE,FALSE
2,11,2963303,CunnilingusA2,,studio/open_nsfw_voice_pack_m_lewddmon/bundle.unity3d,cunnilingus_a2,,FALSE,FALSE,FALSE,FALSE,FALSE,FALSE,FALSE,FALSE,FALSE
3,11,2963303,CunnilingusA3,,studio/open_nsfw_voice_pack_m_lewddmon/bundle.unity3d,cunnilingus_a3,,FALSE,FALSE,FALSE,FALSE,FALSE,FALSE,FALSE,FALSE,FALSE
4,11,2963303,CunnilingusC1,,studio/open_nsfw_voice_pack_m_lewddmon/bundle.unity3d,cunnilingus_c1,,FALSE,FALSE,FALSE,FALSE,FALSE,FALSE,FALSE,FALSE,FALSE
5,11,2963303,CunnilingusC2,,studio/open_nsfw_voice_pack_m_lewddmon/bundle.unity3d,cunnilingus_c2,,FALSE,FALSE,FALSE,FALSE,FALSE,FALSE,FALSE,FALSE,FALSE
6,11,2963303,CunnilingusC3,,studio/open_nsfw_voice_pack_m_lewddmon/bundle.unity3d,cunnilingus_c3,,FALSE,FALSE,FALSE,FALSE,FALSE,FALSE,FALSE,FALSE,FALSE
7,11,2963303,CunnilingusC4,,studio/open_nsfw_voice_pack_m_lewddmon/bundle.unity3d,cunnilingus_c4,,FALSE,FALSE,FALSE,FALSE,FALSE,FALSE,FALSE,FALSE,FALSE
8,11,2963303,ExertionAngryD1,,studio/open_nsfw_voice_pack_m_lewddmon/bundle.unity3d,exertion_angry_d1,,FALSE,FALSE,FALSE,FALSE,FALSE,FALSE,FALSE,FALSE,FALSE
9,11,2963303,ExertionAngryD2,,studio/open_nsfw_voice_pack_m_lewddmon/bundle.unity3d,exertion_angry_d2,,FALSE,FALSE,FALSE,FALSE,FALSE,FALSE,FALSE,FALSE,FALSE
10,11,2963303,ExertionAngryD3,,studio/open_nsfw_voice_pack_m_lewddmon/bundle.unity3d,exertion_angry_d3,,FALSE,FALSE,FALSE,FALSE,FALSE,FALSE,FALSE,FALSE,FALSE
11,11,2963303,ExertionPleasuredA1,,studio/open_nsfw_voice_pack_m_lewddmon/bundle.unity3d,exertion_pleasured_a1,,FALSE,FALSE,FALSE,FALSE,FALSE,FALSE,FALSE,FALSE,FALSE
12,11,2963303,ExertionPleasuredA2,,studio/open_nsfw_voice_pack_m_lewddmon/bundle.unity3d,exertion_pleasured_a2,,FALSE,FALSE,FALSE,FALSE,FALSE,FALSE,FALSE,FALSE,FALSE
13,11,2963303,ExertionPleasuredA3,,studio/open_nsfw_voice_pack_m_lewddmon/bundle.unity3d,exertion_pleasured_a3,,FALSE,FALSE,FALSE,FALSE,FALSE,FALSE,FALSE,FALSE,FALSE
14,11,2963303,ExertionPleasuredB1,,studio/open_nsfw_voice_pack_m_lewddmon/bundle.unity3d,exertion_pleasured_b1,,FALSE,FALSE,FALSE,FALSE,FALSE,FALSE,FALSE,FALSE,FALSE
15,11,2963303,ExertionPleasuredB2,,studio/open_nsfw_voice_pack_m_lewddmon/bundle.unity3d,exertion_pleasured_b2,,FALSE,FALSE,FALSE,FALSE,FALSE,FALSE,FALSE,FALSE,FALSE
16,11,2963303,ExertionPleasuredB3,,studio/open_nsfw_voice_pack_m_lewddmon/bundle.unity3d,exertion_pleasured_b3,,FALSE,FALSE,FALSE,FALSE,FALSE,FALSE,FALSE,FALSE,FALSE
17,11,2963303,ExertionRegularA1,,studio/open_nsfw_voice_pack_m_lewddmon/bundle.unity3d,exertion_regular_a1,,FALSE,FALSE,FALSE,FALSE,FALSE,FALSE,FALSE,FALSE,FALSE
18,11,2963303,ExertionRegularA2,,studio/open_nsfw_voice_pack_m_lewddmon/bundle.unity3d,exertion_regular_a2,,FALSE,FALSE,FALSE,FALSE,FALSE,FALSE,FALSE,FALSE,FALSE
19,11,2963303,ExertionRegularA3,,studio/open_nsfw_voice_pack_m_lewddmon/bundle.unity3d,exertion_regular_a3,,FALSE,FALSE,FALSE,FALSE,FALSE,FALSE,FALSE,FALSE,FALSE
20,11,2963303,ExertionRegularC2,,studio/open_nsfw_voice_pack_m_lewddmon/bundle.unity3d,exertion_regular_c2,,FALSE,FALSE,FALSE,FALSE,FALSE,FALSE,FALSE,FALSE,FALSE
21,11,2963303,ExertionRegularC3,,studio/open_nsfw_voice_pack_m_lewddmon/bundle.unity3d,exertion_regular_c3,,FALSE,FALSE,FALSE,FALSE,FALSE,FALSE,FALSE,FALSE,FALSE
22,11,2963303,ExertionRegularC4,,studio/open_nsfw_voice_pack_m_lewddmon/bundle.unity3d,exertion_regular_c4,,FALSE,FALSE,FALSE,FALSE,FALSE,FALSE,FALSE,FALSE,FALSE
23,11,2963303,ExertionSlightA1,,studio/open_nsfw_voice_pack_m_lewddmon/bundle.unity3d,exertion_slight_a1,,FALSE,FALSE,FALSE,FALSE,FALSE,FALSE,FALSE,FALSE,FALSE
24,11,2963303,ExertionSlightA2,,studio/open_nsfw_voice_pack_m_lewddmon/bundle.unity3d,exertion_slight_a2,,FALSE,FALSE,FALSE,FALSE,FALSE,FALSE,FALSE,FALSE,FALSE
25,11,2963303,ExertionSlightA3,,studio/open_nsfw_voice_pack_m_lewddmon/bundle.unity3d,exertion_slight_a3,,FALSE,FALSE,FALSE,FALSE,FALSE,FALSE,FALSE,FALSE,FALSE
26,11,2963303,ExertionSlightC2,,studio/open_nsfw_voice_pack_m_lewddmon/bundle.unity3d,exertion_slight_c2,,FALSE,FALSE,FALSE,FALSE,FALSE,FALSE,FALSE,FALSE,FALSE
27,11,2963303,ExertionSlightC3,,studio/open_nsfw_voice_pack_m_lewddmon/bundle.unity3d,exertion_slight_c3,,FALSE,FALSE,FALSE,FALSE,FALSE,FALSE,FALSE,FALSE,FALSE
28,11,2963303,ExertionSlightC4,,studio/open_nsfw_voice_pack_m_lewddmon/bundle.unity3d,exertion_slight_c4,,FALSE,FALSE,FALSE,FALSE,FALSE,FALSE,FALSE,FALSE,FALSE
29,11,2963303,ExertionSubduedA1,,studio/open_nsfw_voice_pack_m_lewddmon/bundle.unity3d,exertion_subdued_a1,,FALSE,FALSE,FALSE,FALSE,FALSE,FALSE,FALSE,FALSE,FALSE
30,11,2963303,ExertionSubduedA2,,studio/open_nsfw_voice_pack_m_lewddmon/bundle.unity3d,exertion_subdued_a2,,FALSE,FALSE,FALSE,FALSE,FALSE,FALSE,FALSE,FALSE,FALSE
31,11,2963303,ExertionSubduedA3,,studio/open_nsfw_voice_pack_m_lewddmon/bundle.unity3d,exertion_subdued_a3,,FALSE,FALSE,FALSE,FALSE,FALSE,FALSE,FALSE,FALSE,FALSE
32,11,2963303,ExertionSubduedC2,,studio/open_nsfw_voice_pack_m_lewddmon/bundle.unity3d,exertion_subdued_c2,,FALSE,FALSE,FALSE,FALSE,FALSE,FALSE,FALSE,FALSE,FALSE
33,11,2963303,ExertionSubduedC3,,studio/open_nsfw_voice_pack_m_lewddmon/bundle.unity3d,exertion_subdued_c3,,FALSE,FALSE,FALSE,FALSE,FALSE,FALSE,FALSE,FALSE,FALSE
34,11,2963303,ExertionSubduedC4,,studio/open_nsfw_voice_pack_m_lewddmon/bundle.unity3d,exertion_subdued_c4,,FALSE,FALSE,FALSE,FALSE,FALSE,FALSE,FALSE,FALSE,FALSE
35,11,2963303,(S)GruntGutturalA1,,studio/open_nsfw_voice_pack_m_lewddmon/singles/bundle.unity3d,grunt_guttural_a1,,FALSE,FALSE,FALSE,FALSE,FALSE,FALSE,FALSE,FALSE,FALSE
36,11,2963303,(S)GruntGutturalA2,,studio/open_nsfw_voice_pack_m_lewddmon/singles/bundle.unity3d,grunt_guttural_a2,,FALSE,FALSE,FALSE,FALSE,FALSE,FALSE,FALSE,FALSE,FALSE
37,11,2963303,(S)GruntGutturalA3,,studio/open_nsfw_voice_pack_m_lewddmon/singles/bundle.unity3d,grunt_guttural_a3,,FALSE,FALSE,FALSE,FALSE,FALSE,FALSE,FALSE,FALSE,FALSE
38,11,2963303,(S)GruntGutturalA4,,studio/open_nsfw_voice_pack_m_lewddmon/singles/bundle.unity3d,grunt_guttural_a4,,FALSE,FALSE,FALSE,FALSE,FALSE,FALSE,FALSE,FALSE,FALSE
39,11,2963303,(S)GruntGutturalA5,,studio/open_nsfw_voice_pack_m_lewddmon/singles/bundle.unity3d,grunt_guttural_a5,,FALSE,FALSE,FALSE,FALSE,FALSE,FALSE,FALSE,FALSE,FALSE
40,11,2963303,(S)GruntGutturalA6,,studio/open_nsfw_voice_pack_m_lewddmon/singles/bundle.unity3d,grunt_guttural_a6,,FALSE,FALSE,FALSE,FALSE,FALSE,FALSE,FALSE,FALSE,FALSE
41,11,2963303,(S)GruntGutturalA7,,studio/open_nsfw_voice_pack_m_lewddmon/singles/bundle.unity3d,grunt_guttural_a7,,FALSE,FALSE,FALSE,FALSE,FALSE,FALSE,FALSE,FALSE,FALSE
42,11,2963303,(S)GruntGutturalA8,,studio/open_nsfw_voice_pack_m_lewddmon/singles/bundle.unity3d,grunt_guttural_a8,,FALSE,FALSE,FALSE,FALSE,FALSE,FALSE,FALSE,FALSE,FALSE
43,11,2963303,(S)GruntGutturalA9,,studio/open_nsfw_voice_pack_m_lewddmon/singles/bundle.unity3d,grunt_guttural_a9,,FALSE,FALSE,FALSE,FALSE,FALSE,FALSE,FALSE,FALSE,FALSE
44,11,2963303,(S)GruntGutturalC1,,studio/open_nsfw_voice_pack_m_lewddmon/singles/bundle.unity3d,grunt_guttural_c1,,FALSE,FALSE,FALSE,FALSE,FALSE,FALSE,FALSE,FALSE,FALSE
45,11,2963303,(S)GruntGutturalC2,,studio/open_nsfw_voice_pack_m_lewddmon/singles/bundle.unity3d,grunt_guttural_c2,,FALSE,FALSE,FALSE,FALSE,FALSE,FALSE,FALSE,FALSE,FALSE
46,11,2963303,(S)GruntGutturalC3,,studio/open_nsfw_voice_pack_m_lewddmon/singles/bundle.unity3d,grunt_guttural_c3,,FALSE,FALSE,FALSE,FALSE,FALSE,FALSE,FALSE,FALSE,FALSE
47,11,2963303,(S)GruntGutturalC4,,studio/open_nsfw_voice_pack_m_lewddmon/singles/bundle.unity3d,grunt_guttural_c4,,FALSE,FALSE,FALSE,FALSE,FALSE,FALSE,FALSE,FALSE,FALSE
48,11,2963303,(S)GruntGutturalC5,,studio/open_nsfw_voice_pack_m_lewddmon/singles/bundle.unity3d,grunt_guttural_c5,,FALSE,FALSE,FALSE,FALSE,FALSE,FALSE,FALSE,FALSE,FALSE
49,11,2963303,(S)GruntGutturalC6,,studio/open_nsfw_voice_pack_m_lewddmon/singles/bundle.unity3d,grunt_guttural_c6,,FALSE,FALSE,FALSE,FALSE,FALSE,FALSE,FALSE,FALSE,FALSE
50,11,2963303,(S)GruntGutturalC7,,studio/open_nsfw_voice_pack_m_lewddmon/singles/bundle.unity3d,grunt_guttural_c7,,FALSE,FALSE,FALSE,FALSE,FALSE,FALSE,FALSE,FALSE,FALSE
51,11,2963303,(S)GruntGutturalC8,,studio/open_nsfw_voice_pack_m_lewddmon/singles/bundle.unity3d,grunt_guttural_c8,,FALSE,FALSE,FALSE,FALSE,FALSE,FALSE,FALSE,FALSE,FALSE
52,11,2963303,(S)GruntGutturalC9,,studio/open_nsfw_voice_pack_m_lewddmon/singles/bundle.unity3d,grunt_guttural_c9,,FALSE,FALSE,FALSE,FALSE,FALSE,FALSE,FALSE,FALSE,FALSE
53,11,2963303,(S)GruntNormalA1,,studio/open_nsfw_voice_pack_m_lewddmon/singles/bundle.unity3d,grunt_normal_a1,,FALSE,FALSE,FALSE,FALSE,FALSE,FALSE,FALSE,FALSE,FALSE
54,11,2963303,(S)GruntNormalA2,,studio/open_nsfw_voice_pack_m_lewddmon/singles/bundle.unity3d,grunt_normal_a2,,FALSE,FALSE,FALSE,FALSE,FALSE,FALSE,FALSE,FALSE,FALSE
55,11,2963303,(S)GruntNormalA3,,studio/open_nsfw_voice_pack_m_lewddmon/singles/bundle.unity3d,grunt_normal_a3,,FALSE,FALSE,FALSE,FALSE,FALSE,FALSE,FALSE,FALSE,FALSE
56,11,2963303,(S)GruntNormalA4,,studio/open_nsfw_voice_pack_m_lewddmon/singles/bundle.unity3d,grunt_normal_a4,,FALSE,FALSE,FALSE,FALSE,FALSE,FALSE,FALSE,FALSE,FALSE
57,11,2963303,(S)GruntNormalA5,,studio/open_nsfw_voice_pack_m_lewddmon/singles/bundle.unity3d,grunt_normal_a5,,FALSE,FALSE,FALSE,FALSE,FALSE,FALSE,FALSE,FALSE,FALSE
58,11,2963303,(S)GruntNormalA6,,studio/open_nsfw_voice_pack_m_lewddmon/singles/bundle.unity3d,grunt_normal_a6,,FALSE,FALSE,FALSE,FALSE,FALSE,FALSE,FALSE,FALSE,FALSE
59,11,2963303,(S)GruntNormalA7,,studio/open_nsfw_voice_pack_m_lewddmon/singles/bundle.unity3d,grunt_normal_a7,,FALSE,FALSE,FALSE,FALSE,FALSE,FALSE,FALSE,FALSE,FALSE
60,11,2963303,(S)GruntNormalA8,,studio/open_nsfw_voice_pack_m_lewddmon/singles/bundle.unity3d,grunt_normal_a8,,FALSE,FALSE,FALSE,FALSE,FALSE,FALSE,FALSE,FALSE,FALSE
61,11,2963303,(S)GruntNormalA9,,studio/open_nsfw_voice_pack_m_lewddmon/singles/bundle.unity3d,grunt_normal_a9,,FALSE,FALSE,FALSE,FALSE,FALSE,FALSE,FALSE,FALSE,FALSE
62,11,2963303,(S)GruntNormalC1,,studio/open_nsfw_voice_pack_m_lewddmon/singles/bundle.unity3d,grunt_normal_c1,,FALSE,FALSE,FALSE,FALSE,FALSE,FALSE,FALSE,FALSE,FALSE
63,11,2963303,(S)GruntNormalC2,,studio/open_nsfw_voice_pack_m_lewddmon/singles/bundle.unity3d,grunt_normal_c2,,FALSE,FALSE,FALSE,FALSE,FALSE,FALSE,FALSE,FALSE,FALSE
64,11,2963303,(S)GruntNormalC3,,studio/open_nsfw_voice_pack_m_lewddmon/singles/bundle.unity3d,grunt_normal_c3,,FALSE,FALSE,FALSE,FALSE,FALSE,FALSE,FALSE,FALSE,FALSE
65,11,2963303,(S)GruntNormalC4,,studio/open_nsfw_voice_pack_m_lewddmon/singles/bundle.unity3d,grunt_normal_c4,,FALSE,FALSE,FALSE,FALSE,FALSE,FALSE,FALSE,FALSE,FALSE
66,11,2963303,(S)GruntNormalC5,,studio/open_nsfw_voice_pack_m_lewddmon/singles/bundle.unity3d,grunt_normal_c5,,FALSE,FALSE,FALSE,FALSE,FALSE,FALSE,FALSE,FALSE,FALSE
67,11,2963303,(S)GruntNormalD1,,studio/open_nsfw_voice_pack_m_lewddmon/singles/bundle.unity3d,grunt_normal_d1,,FALSE,FALSE,FALSE,FALSE,FALSE,FALSE,FALSE,FALSE,FALSE
68,11,2963303,(S)GruntNormalD2,,studio/open_nsfw_voice_pack_m_lewddmon/singles/bundle.unity3d,grunt_normal_d2,,FALSE,FALSE,FALSE,FALSE,FALSE,FALSE,FALSE,FALSE,FALSE
69,11,2963303,(S)GruntNormalD3,,studio/open_nsfw_voice_pack_m_lewddmon/singles/bundle.unity3d,grunt_normal_d3,,FALSE,FALSE,FALSE,FALSE,FALSE,FALSE,FALSE,FALSE,FALSE
70,11,2963303,(S)GruntNormalD4,,studio/open_nsfw_voice_pack_m_lewddmon/singles/bundle.unity3d,grunt_normal_d4,,FALSE,FALSE,FALSE,FALSE,FALSE,FALSE,FALSE,FALSE,FALSE
71,11,2963303,(S)GruntNormalD5,,studio/open_nsfw_voice_pack_m_lewddmon/singles/bundle.unity3d,grunt_normal_d5,,FALSE,FALSE,FALSE,FALSE,FALSE,FALSE,FALSE,FALSE,FALSE
72,11,2963303,(S)GruntSubduedA1,,studio/open_nsfw_voice_pack_m_lewddmon/singles/bundle.unity3d,grunt_subdued_a1,,FALSE,FALSE,FALSE,FALSE,FALSE,FALSE,FALSE,FALSE,FALSE
73,11,2963303,(S)GruntSubduedA2,,studio/open_nsfw_voice_pack_m_lewddmon/singles/bundle.unity3d,grunt_subdued_a2,,FALSE,FALSE,FALSE,FALSE,FALSE,FALSE,FALSE,FALSE,FALSE
74,11,2963303,(S)GruntSubduedA3,,studio/open_nsfw_voice_pack_m_lewddmon/singles/bundle.unity3d,grunt_subdued_a3,,FALSE,FALSE,FALSE,FALSE,FALSE,FALSE,FALSE,FALSE,FALSE
75,11,2963303,(S)GruntSubduedA4,,studio/open_nsfw_voice_pack_m_lewddmon/singles/bundle.unity3d,grunt_subdued_a4,,FALSE,FALSE,FALSE,FALSE,FALSE,FALSE,FALSE,FALSE,FALSE
76,11,2963303,(S)GruntSubduedA5,,studio/open_nsfw_voice_pack_m_lewddmon/singles/bundle.unity3d,grunt_subdued_a5,,FALSE,FALSE,FALSE,FALSE,FALSE,FALSE,FALSE,FALSE,FALSE
77,11,2963303,(S)GruntSubduedA6,,studio/open_nsfw_voice_pack_m_lewddmon/singles/bundle.unity3d,grunt_subdued_a6,,FALSE,FALSE,FALSE,FALSE,FALSE,FALSE,FALSE,FALSE,FALSE
78,11,2963303,(S)GruntSubduedA7,,studio/open_nsfw_voice_pack_m_lewddmon/singles/bundle.unity3d,grunt_subdued_a7,,FALSE,FALSE,FALSE,FALSE,FALSE,FALSE,FALSE,FALSE,FALSE
79,11,2963303,(S)GruntSubduedA8,,studio/open_nsfw_voice_pack_m_lewddmon/singles/bundle.unity3d,grunt_subdued_a8,,FALSE,FALSE,FALSE,FALSE,FALSE,FALSE,FALSE,FALSE,FALSE
80,11,2963303,(S)GruntSubduedA9,,studio/open_nsfw_voice_pack_m_lewddmon/singles/bundle.unity3d,grunt_subdued_a9,,FALSE,FALSE,FALSE,FALSE,FALSE,FALSE,FALSE,FALSE,FALSE
81,11,2963303,(S)GruntSubduedC1,,studio/open_nsfw_voice_pack_m_lewddmon/singles/bundle.unity3d,grunt_subdued_c1,,FALSE,FALSE,FALSE,FALSE,FALSE,FALSE,FALSE,FALSE,FALSE
82,11,2963303,(S)GruntSubduedC2,,studio/open_nsfw_voice_pack_m_lewddmon/singles/bundle.unity3d,grunt_subdued_c2,,FALSE,FALSE,FALSE,FALSE,FALSE,FALSE,FALSE,FALSE,FALSE
83,11,2963303,(S)GruntSubduedC3,,studio/open_nsfw_voice_pack_m_lewddmon/singles/bundle.unity3d,grunt_subdued_c3,,FALSE,FALSE,FALSE,FALSE,FALSE,FALSE,FALSE,FALSE,FALSE
84,11,2963303,(S)GruntSubduedC4,,studio/open_nsfw_voice_pack_m_lewddmon/singles/bundle.unity3d,grunt_subdued_c4,,FALSE,FALSE,FALSE,FALSE,FALSE,FALSE,FALSE,FALSE,FALSE
85,11,2963303,(S)GruntSubduedC5,,studio/open_nsfw_voice_pack_m_lewddmon/singles/bundle.unity3d,grunt_subdued_c5,,FALSE,FALSE,FALSE,FALSE,FALSE,FALSE,FALSE,FALSE,FALSE
86,11,2963303,(S)GruntSubduedC6,,studio/open_nsfw_voice_pack_m_lewddmon/singles/bundle.unity3d,grunt_subdued_c6,,FALSE,FALSE,FALSE,FALSE,FALSE,FALSE,FALSE,FALSE,FALSE
87,11,2963303,(S)GruntSubduedC7,,studio/open_nsfw_voice_pack_m_lewddmon/singles/bundle.unity3d,grunt_subdued_c7,,FALSE,FALSE,FALSE,FALSE,FALSE,FALSE,FALSE,FALSE,FALSE
88,11,2963303,(S)GruntSubduedC8,,studio/open_nsfw_voice_pack_m_lewddmon/singles/bundle.unity3d,grunt_subdued_c8,,FALSE,FALSE,FALSE,FALSE,FALSE,FALSE,FALSE,FALSE,FALSE
89,11,2963303,(S)GruntSubduedD1,,studio/open_nsfw_voice_pack_m_lewddmon/singles/bundle.unity3d,grunt_subdued_d1,,FALSE,FALSE,FALSE,FALSE,FALSE,FALSE,FALSE,FALSE,FALSE
90,11,2963303,(S)GruntSubduedD2,,studio/open_nsfw_voice_pack_m_lewddmon/singles/bundle.unity3d,grunt_subdued_d2,,FALSE,FALSE,FALSE,FALSE,FALSE,FALSE,FALSE,FALSE,FALSE
91,11,2963303,(S)GruntSubduedD3,,studio/open_nsfw_voice_pack_m_lewddmon/singles/bundle.unity3d,grunt_subdued_d3,,FALSE,FALSE,FALSE,FALSE,FALSE,FALSE,FALSE,FALSE,FALSE
92,11,2963303,(S)GruntSubduedD4,,studio/open_nsfw_voice_pack_m_lewddmon/singles/bundle.unity3d,grunt_subdued_d4,,FALSE,FALSE,FALSE,FALSE,FALSE,FALSE,FALSE,FALSE,FALSE
93,11,2963303,KissingA1,,studio/open_nsfw_voice_pack_m_lewddmon/bundle.unity3d,kissing_a1,,FALSE,FALSE,FALSE,FALSE,FALSE,FALSE,FALSE,FALSE,FALSE
94,11,2963303,KissingA2,,studio/open_nsfw_voice_pack_m_lewddmon/bundle.unity3d,kissing_a2,,FALSE,FALSE,FALSE,FALSE,FALSE,FALSE,FALSE,FALSE,FALSE
95,11,2963303,KissingA3,,studio/open_nsfw_voice_pack_m_lewddmon/bundle.unity3d,kissing_a3,,FALSE,FALSE,FALSE,FALSE,FALSE,FALSE,FALSE,FALSE,FALSE
96,11,2963303,KissingB1,,studio/open_nsfw_voice_pack_m_lewddmon/bundle.unity3d,kissing_b1,,FALSE,FALSE,FALSE,FALSE,FALSE,FALSE,FALSE,FALSE,FALSE
97,11,2963303,KissingB2,,studio/open_nsfw_voice_pack_m_lewddmon/bundle.unity3d,kissing_b2,,FALSE,FALSE,FALSE,FALSE,FALSE,FALSE,FALSE,FALSE,FALSE
98,11,2963303,KissingB3,,studio/open_nsfw_voice_pack_m_lewddmon/bundle.unity3d,kissing_b3,,FALSE,FALSE,FALSE,FALSE,FALSE,FALSE,FALSE,FALSE,FALSE
99,11,2963303,KissingD1,,studio/open_nsfw_voice_pack_m_lewddmon/bundle.unity3d,kissing_d1,,FALSE,FALSE,FALSE,FALSE,FALSE,FALSE,FALSE,FALSE,FALSE
100,11,2963303,KissingD2,,studio/open_nsfw_voice_pack_m_lewddmon/bundle.unity3d,kissing_d2,,FALSE,FALSE,FALSE,FALSE,FALSE,FALSE,FALSE,FALSE,FALSE
101,11,2963303,KissingD3,,studio/open_nsfw_voice_pack_m_lewddmon/bundle.unity3d,kissing_d3,,FALSE,FALSE,FALSE,FALSE,FALSE,FALSE,FALSE,FALSE,FALSE
102,11,2963303,(S)LaughA01,,studio/open_nsfw_voice_pack_m_lewddmon/singles/bundle.unity3d,laugh_a01,,FALSE,FALSE,FALSE,FALSE,FALSE,FALSE,FALSE,FALSE,FALSE
103,11,2963303,(S)LaughA02,,studio/open_nsfw_voice_pack_m_lewddmon/singles/bundle.unity3d,laugh_a02,,FALSE,FALSE,FALSE,FALSE,FALSE,FALSE,FALSE,FALSE,FALSE
104,11,2963303,(S)LaughA03,,studio/open_nsfw_voice_pack_m_lewddmon/singles/bundle.unity3d,laugh_a03,,FALSE,FALSE,FALSE,FALSE,FALSE,FALSE,FALSE,FALSE,FALSE
105,11,2963303,(S)LaughA04,,studio/open_nsfw_voice_pack_m_lewddmon/singles/bundle.unity3d,laugh_a04,,FALSE,FALSE,FALSE,FALSE,FALSE,FALSE,FALSE,FALSE,FALSE
106,11,2963303,(S)LaughA05,,studio/open_nsfw_voice_pack_m_lewddmon/singles/bundle.unity3d,laugh_a05,,FALSE,FALSE,FALSE,FALSE,FALSE,FALSE,FALSE,FALSE,FALSE
107,11,2963303,(S)LaughA06,,studio/open_nsfw_voice_pack_m_lewddmon/singles/bundle.unity3d,laugh_a06,,FALSE,FALSE,FALSE,FALSE,FALSE,FALSE,FALSE,FALSE,FALSE
108,11,2963303,(S)LaughA07,,studio/open_nsfw_voice_pack_m_lewddmon/singles/bundle.unity3d,laugh_a07,,FALSE,FALSE,FALSE,FALSE,FALSE,FALSE,FALSE,FALSE,FALSE
109,11,2963303,(S)LaughA08,,studio/open_nsfw_voice_pack_m_lewddmon/singles/bundle.unity3d,laugh_a08,,FALSE,FALSE,FALSE,FALSE,FALSE,FALSE,FALSE,FALSE,FALSE
110,11,2963303,(S)LaughA09,,studio/open_nsfw_voice_pack_m_lewddmon/singles/bundle.unity3d,laugh_a09,,FALSE,FALSE,FALSE,FALSE,FALSE,FALSE,FALSE,FALSE,FALSE
111,11,2963303,(S)LaughA10,,studio/open_nsfw_voice_pack_m_lewddmon/singles/bundle.unity3d,laugh_a10,,FALSE,FALSE,FALSE,FALSE,FALSE,FALSE,FALSE,FALSE,FALSE
112,11,2963303,(S)LaughA11,,studio/open_nsfw_voice_pack_m_lewddmon/singles/bundle.unity3d,laugh_a11,,FALSE,FALSE,FALSE,FALSE,FALSE,FALSE,FALSE,FALSE,FALSE
113,11,2963303,(S)LaughA12,,studio/open_nsfw_voice_pack_m_lewddmon/singles/bundle.unity3d,laugh_a12,,FALSE,FALSE,FALSE,FALSE,FALSE,FALSE,FALSE,FALSE,FALSE
114,11,2963303,(S)LaughB01,,studio/open_nsfw_voice_pack_m_lewddmon/singles/bundle.unity3d,laugh_b01,,FALSE,FALSE,FALSE,FALSE,FALSE,FALSE,FALSE,FALSE,FALSE
115,11,2963303,(S)LaughB02,,studio/open_nsfw_voice_pack_m_lewddmon/singles/bundle.unity3d,laugh_b02,,FALSE,FALSE,FALSE,FALSE,FALSE,FALSE,FALSE,FALSE,FALSE
116,11,2963303,(S)LaughB03,,studio/open_nsfw_voice_pack_m_lewddmon/singles/bundle.unity3d,laugh_b03,,FALSE,FALSE,FALSE,FALSE,FALSE,FALSE,FALSE,FALSE,FALSE
117,11,2963303,(S)LaughB04,,studio/open_nsfw_voice_pack_m_lewddmon/singles/bundle.unity3d,laugh_b04,,FALSE,FALSE,FALSE,FALSE,FALSE,FALSE,FALSE,FALSE,FALSE
118,11,2963303,(S)LaughB05,,studio/open_nsfw_voice_pack_m_lewddmon/singles/bundle.unity3d,laugh_b05,,FALSE,FALSE,FALSE,FALSE,FALSE,FALSE,FALSE,FALSE,FALSE
119,11,2963303,(S)LaughB06,,studio/open_nsfw_voice_pack_m_lewddmon/singles/bundle.unity3d,laugh_b06,,FALSE,FALSE,FALSE,FALSE,FALSE,FALSE,FALSE,FALSE,FALSE
120,11,2963303,(S)LaughB07,,studio/open_nsfw_voice_pack_m_lewddmon/singles/bundle.unity3d,laugh_b07,,FALSE,FALSE,FALSE,FALSE,FALSE,FALSE,FALSE,FALSE,FALSE
121,11,2963303,(S)LaughB08,,studio/open_nsfw_voice_pack_m_lewddmon/singles/bundle.unity3d,laugh_b08,,FALSE,FALSE,FALSE,FALSE,FALSE,FALSE,FALSE,FALSE,FALSE
122,11,2963303,(S)LaughB09,,studio/open_nsfw_voice_pack_m_lewddmon/singles/bundle.unity3d,laugh_b09,,FALSE,FALSE,FALSE,FALSE,FALSE,FALSE,FALSE,FALSE,FALSE
123,11,2963303,(S)LaughB10,,studio/open_nsfw_voice_pack_m_lewddmon/singles/bundle.unity3d,laugh_b10,,FALSE,FALSE,FALSE,FALSE,FALSE,FALSE,FALSE,FALSE,FALSE
124,11,2963303,(S)LaughB11,,studio/open_nsfw_voice_pack_m_lewddmon/singles/bundle.unity3d,laugh_b11,,FALSE,FALSE,FALSE,FALSE,FALSE,FALSE,FALSE,FALSE,FALSE
125,11,2963303,(S)LaughB12,,studio/open_nsfw_voice_pack_m_lewddmon/singles/bundle.unity3d,laugh_b12,,FALSE,FALSE,FALSE,FALSE,FALSE,FALSE,FALSE,FALSE,FALSE
126,11,2963303,(S)LaughB13,,studio/open_nsfw_voice_pack_m_lewddmon/singles/bundle.unity3d,laugh_b13,,FALSE,FALSE,FALSE,FALSE,FALSE,FALSE,FALSE,FALSE,FALSE
127,11,2963303,(S)LaughB14,,studio/open_nsfw_voice_pack_m_lewddmon/singles/bundle.unity3d,laugh_b14,,FALSE,FALSE,FALSE,FALSE,FALSE,FALSE,FALSE,FALSE,FALSE
128,11,2963303,(S)LaughB15,,studio/open_nsfw_voice_pack_m_lewddmon/singles/bundle.unity3d,laugh_b15,,FALSE,FALSE,FALSE,FALSE,FALSE,FALSE,FALSE,FALSE,FALSE
129,11,2963303,(S)LaughB16,,studio/open_nsfw_voice_pack_m_lewddmon/singles/bundle.unity3d,laugh_b16,,FALSE,FALSE,FALSE,FALSE,FALSE,FALSE,FALSE,FALSE,FALSE
130,11,2963303,(S)LaughB17,,studio/open_nsfw_voice_pack_m_lewddmon/singles/bundle.unity3d,laugh_b17,,FALSE,FALSE,FALSE,FALSE,FALSE,FALSE,FALSE,FALSE,FALSE
131,11,2963303,(S)LaughB18,,studio/open_nsfw_voice_pack_m_lewddmon/singles/bundle.unity3d,laugh_b18,,FALSE,FALSE,FALSE,FALSE,FALSE,FALSE,FALSE,FALSE,FALSE
132,11,2963303,(S)LaughB19,,studio/open_nsfw_voice_pack_m_lewddmon/singles/bundle.unity3d,laugh_b19,,FALSE,FALSE,FALSE,FALSE,FALSE,FALSE,FALSE,FALSE,FALSE
133,11,2963303,(S)LaughB20,,studio/open_nsfw_voice_pack_m_lewddmon/singles/bundle.unity3d,laugh_b20,,FALSE,FALSE,FALSE,FALSE,FALSE,FALSE,FALSE,FALSE,FALSE
134,11,2963303,(S)LaughC1,,studio/open_nsfw_voice_pack_m_lewddmon/singles/bundle.unity3d,laugh_c1,,FALSE,FALSE,FALSE,FALSE,FALSE,FALSE,FALSE,FALSE,FALSE
135,11,2963303,(S)LaughC2,,studio/open_nsfw_voice_pack_m_lewddmon/singles/bundle.unity3d,laugh_c2,,FALSE,FALSE,FALSE,FALSE,FALSE,FALSE,FALSE,FALSE,FALSE
136,11,2963303,(S)LaughC3,,studio/open_nsfw_voice_pack_m_lewddmon/singles/bundle.unity3d,laugh_c3,,FALSE,FALSE,FALSE,FALSE,FALSE,FALSE,FALSE,FALSE,FALSE
137,11,2963303,(S)LaughC4,,studio/open_nsfw_voice_pack_m_lewddmon/singles/bundle.unity3d,laugh_c4,,FALSE,FALSE,FALSE,FALSE,FALSE,FALSE,FALSE,FALSE,FALSE
138,11,2963303,(S)LaughC5,,studio/open_nsfw_voice_pack_m_lewddmon/singles/bundle.unity3d,laugh_c5,,FALSE,FALSE,FALSE,FALSE,FALSE,FALSE,FALSE,FALSE,FALSE
139,11,2963303,(S)LaughD1,,studio/open_nsfw_voice_pack_m_lewddmon/singles/bundle.unity3d,laugh_d1,,FALSE,FALSE,FALSE,FALSE,FALSE,FALSE,FALSE,FALSE,FALSE
140,11,2963303,(S)LaughD2,,studio/open_nsfw_voice_pack_m_lewddmon/singles/bundle.unity3d,laugh_d2,,FALSE,FALSE,FALSE,FALSE,FALSE,FALSE,FALSE,FALSE,FALSE
141,11,2963303,(S)LaughD3,,studio/open_nsfw_voice_pack_m_lewddmon/singles/bundle.unity3d,laugh_d3,,FALSE,FALSE,FALSE,FALSE,FALSE,FALSE,FALSE,FALSE,FALSE
142,11,2963303,(S)LaughD4,,studio/open_nsfw_voice_pack_m_lewddmon/singles/bundle.unity3d,laugh_d4,,FALSE,FALSE,FALSE,FALSE,FALSE,FALSE,FALSE,FALSE,FALSE
143,11,2963303,(S)LaughD5,,studio/open_nsfw_voice_pack_m_lewddmon/singles/bundle.unity3d,laugh_d5,,FALSE,FALSE,FALSE,FALSE,FALSE,FALSE,FALSE,FALSE,FALSE
144,11,2963303,(S)LaughD6,,studio/open_nsfw_voice_pack_m_lewddmon/singles/bundle.unity3d,laugh_d6,,FALSE,FALSE,FALSE,FALSE,FALSE,FALSE,FALSE,FALSE,FALSE
145,11,2963303,MoanA1,,studio/open_nsfw_voice_pack_m_lewddmon/bundle.unity3d,moan_a1,,FALSE,FALSE,FALSE,FALSE,FALSE,FALSE,FALSE,FALSE,FALSE
146,11,2963303,MoanA2,,studio/open_nsfw_voice_pack_m_lewddmon/bundle.unity3d,moan_a2,,FALSE,FALSE,FALSE,FALSE,FALSE,FALSE,FALSE,FALSE,FALSE
147,11,2963303,MoanA3,,studio/open_nsfw_voice_pack_m_lewddmon/bundle.unity3d,moan_a3,,FALSE,FALSE,FALSE,FALSE,FALSE,FALSE,FALSE,FALSE,FALSE
148,11,2963303,MoanA4,,studio/open_nsfw_voice_pack_m_lewddmon/bundle.unity3d,moan_a4,,FALSE,FALSE,FALSE,FALSE,FALSE,FALSE,FALSE,FALSE,FALSE
149,11,2963303,MoanA5,,studio/open_nsfw_voice_pack_m_lewddmon/bundle.unity3d,moan_a5,,FALSE,FALSE,FALSE,FALSE,FALSE,FALSE,FALSE,FALSE,FALSE
150,11,2963303,MoanA6,,studio/open_nsfw_voice_pack_m_lewddmon/bundle.unity3d,moan_a6,,FALSE,FALSE,FALSE,FALSE,FALSE,FALSE,FALSE,FALSE,FALSE
151,11,2963303,MoanA7,,studio/open_nsfw_voice_pack_m_lewddmon/bundle.unity3d,moan_a7,,FALSE,FALSE,FALSE,FALSE,FALSE,FALSE,FALSE,FALSE,FALSE
152,11,2963303,MoanA8,,studio/open_nsfw_voice_pack_m_lewddmon/bundle.unity3d,moan_a8,,FALSE,FALSE,FALSE,FALSE,FALSE,FALSE,FALSE,FALSE,FALSE
153,11,2963303,MoanB1,,studio/open_nsfw_voice_pack_m_lewddmon/bundle.unity3d,moan_b1,,FALSE,FALSE,FALSE,FALSE,FALSE,FALSE,FALSE,FALSE,FALSE
154,11,2963303,MoanB2,,studio/open_nsfw_voice_pack_m_lewddmon/bundle.unity3d,moan_b2,,FALSE,FALSE,FALSE,FALSE,FALSE,FALSE,FALSE,FALSE,FALSE
155,11,2963303,MoanB3,,studio/open_nsfw_voice_pack_m_lewddmon/bundle.unity3d,moan_b3,,FALSE,FALSE,FALSE,FALSE,FALSE,FALSE,FALSE,FALSE,FALSE
156,11,2963303,MoanB4,,studio/open_nsfw_voice_pack_m_lewddmon/bundle.unity3d,moan_b4,,FALSE,FALSE,FALSE,FALSE,FALSE,FALSE,FALSE,FALSE,FALSE
157,11,2963303,MoanC1,,studio/open_nsfw_voice_pack_m_lewddmon/bundle.unity3d,moan_c1,,FALSE,FALSE,FALSE,FALSE,FALSE,FALSE,FALSE,FALSE,FALSE
158,11,2963303,MoanC2,,studio/open_nsfw_voice_pack_m_lewddmon/bundle.unity3d,moan_c2,,FALSE,FALSE,FALSE,FALSE,FALSE,FALSE,FALSE,FALSE,FALSE
159,11,2963303,MoanC3,,studio/open_nsfw_voice_pack_m_lewddmon/bundle.unity3d,moan_c3,,FALSE,FALSE,FALSE,FALSE,FALSE,FALSE,FALSE,FALSE,FALSE
160,11,2963303,MoanC4,,studio/open_nsfw_voice_pack_m_lewddmon/bundle.unity3d,moan_c4,,FALSE,FALSE,FALSE,FALSE,FALSE,FALSE,FALSE,FALSE,FALSE
161,11,2963303,MoanD1,,studio/open_nsfw_voice_pack_m_lewddmon/bundle.unity3d,moan_d1,,FALSE,FALSE,FALSE,FALSE,FALSE,FALSE,FALSE,FALSE,FALSE
162,11,2963303,MoanD2,,studio/open_nsfw_voice_pack_m_lewddmon/bundle.unity3d,moan_d2,,FALSE,FALSE,FALSE,FALSE,FALSE,FALSE,FALSE,FALSE,FALSE
163,11,2963303,MoanD3,,studio/open_nsfw_voice_pack_m_lewddmon/bundle.unity3d,moan_d3,,FALSE,FALSE,FALSE,FALSE,FALSE,FALSE,FALSE,FALSE,FALSE
164,11,2963303,MoanD4,,studio/open_nsfw_voice_pack_m_lewddmon/bundle.unity3d,moan_d4,,FALSE,FALSE,FALSE,FALSE,FALSE,FALSE,FALSE,FALSE,FALSE
165,11,2963303,MoanD5,,studio/open_nsfw_voice_pack_m_lewddmon/bundle.unity3d,moan_d5,,FALSE,FALSE,FALSE,FALSE,FALSE,FALSE,FALSE,FALSE,FALSE
166,11,2963303,MoanD6,,studio/open_nsfw_voice_pack_m_lewddmon/bundle.unity3d,moan_d6,,FALSE,FALSE,FALSE,FALSE,FALSE,FALSE,FALSE,FALSE,FALSE
167,11,2963303,MoanD7,,studio/open_nsfw_voice_pack_m_lewddmon/bundle.unity3d,moan_d7,,FALSE,FALSE,FALSE,FALSE,FALSE,FALSE,FALSE,FALSE,FALSE
168,11,2963303,MoanD8,,studio/open_nsfw_voice_pack_m_lewddmon/bundle.unity3d,moan_d8,,FALSE,FALSE,FALSE,FALSE,FALSE,FALSE,FALSE,FALSE,FALSE
169,11,2963303,(S)RecoveryA1,,studio/open_nsfw_voice_pack_m_lewddmon/singles/bundle.unity3d,recovery_a1,,FALSE,FALSE,FALSE,FALSE,FALSE,FALSE,FALSE,FALSE,FALSE
170,11,2963303,(S)RecoveryA2,,studio/open_nsfw_voice_pack_m_lewddmon/singles/bundle.unity3d,recovery_a2,,FALSE,FALSE,FALSE,FALSE,FALSE,FALSE,FALSE,FALSE,FALSE
171,11,2963303,(S)RecoveryA3,,studio/open_nsfw_voice_pack_m_lewddmon/singles/bundle.unity3d,recovery_a3,,FALSE,FALSE,FALSE,FALSE,FALSE,FALSE,FALSE,FALSE,FALSE
172,11,2963303,(S)RecoveryA4,,studio/open_nsfw_voice_pack_m_lewddmon/singles/bundle.unity3d,recovery_a4,,FALSE,FALSE,FALSE,FALSE,FALSE,FALSE,FALSE,FALSE,FALSE
173,11,2963303,(S)RecoveryA5,,studio/open_nsfw_voice_pack_m_lewddmon/singles/bundle.unity3d,recovery_a5,,FALSE,FALSE,FALSE,FALSE,FALSE,FALSE,FALSE,FALSE,FALSE
174,11,2963303,(S)RecoveryB1,,studio/open_nsfw_voice_pack_m_lewddmon/singles/bundle.unity3d,recovery_b1,,FALSE,FALSE,FALSE,FALSE,FALSE,FALSE,FALSE,FALSE,FALSE
175,11,2963303,(S)RecoveryB2,,studio/open_nsfw_voice_pack_m_lewddmon/singles/bundle.unity3d,recovery_b2,,FALSE,FALSE,FALSE,FALSE,FALSE,FALSE,FALSE,FALSE,FALSE
176,11,2963303,(S)RecoveryB3,,studio/open_nsfw_voice_pack_m_lewddmon/singles/bundle.unity3d,recovery_b3,,FALSE,FALSE,FALSE,FALSE,FALSE,FALSE,FALSE,FALSE,FALSE
177,11,2963303,(S)RecoveryB4,,studio/open_nsfw_voice_pack_m_lewddmon/singles/bundle.unity3d,recovery_b4,,FALSE,FALSE,FALSE,FALSE,FALSE,FALSE,FALSE,FALSE,FALSE
178,11,2963303,(S)RecoveryB5,,studio/open_nsfw_voice_pack_m_lewddmon/singles/bundle.unity3d,recovery_b5,,FALSE,FALSE,FALSE,FALSE,FALSE,FALSE,FALSE,FALSE,FALSE
179,11,2963303,(S)RecoveryGutturalA1,,studio/open_nsfw_voice_pack_m_lewddmon/singles/bundle.unity3d,recovery_guttural_a1,,FALSE,FALSE,FALSE,FALSE,FALSE,FALSE,FALSE,FALSE,FALSE
180,11,2963303,(S)RecoveryGutturalA2,,studio/open_nsfw_voice_pack_m_lewddmon/singles/bundle.unity3d,recovery_guttural_a2,,FALSE,FALSE,FALSE,FALSE,FALSE,FALSE,FALSE,FALSE,FALSE
181,11,2963303,(S)RecoveryGutturalA3,,studio/open_nsfw_voice_pack_m_lewddmon/singles/bundle.unity3d,recovery_guttural_a3,,FALSE,FALSE,FALSE,FALSE,FALSE,FALSE,FALSE,FALSE,FALSE
182,11,2963303,(S)RecoveryGutturalA4,,studio/open_nsfw_voice_pack_m_lewddmon/singles/bundle.unity3d,recovery_guttural_a4,,FALSE,FALSE,FALSE,FALSE,FALSE,FALSE,FALSE,FALSE,FALSE
183,11,2963303,(S)RecoveryGutturalA5,,studio/open_nsfw_voice_pack_m_lewddmon/singles/bundle.unity3d,recovery_guttural_a5,,FALSE,FALSE,FALSE,FALSE,FALSE,FALSE,FALSE,FALSE,FALSE
184,11,2963303,(S)RecoveryGutturalB1,,studio/open_nsfw_voice_pack_m_lewddmon/singles/bundle.unity3d,recovery_guttural_b1,,FALSE,FALSE,FALSE,FALSE,FALSE,FALSE,FALSE,FALSE,FALSE
185,11,2963303,(S)RecoveryGutturalB2,,studio/open_nsfw_voice_pack_m_lewddmon/singles/bundle.unity3d,recovery_guttural_b2,,FALSE,FALSE,FALSE,FALSE,FALSE,FALSE,FALSE,FALSE,FALSE
186,11,2963303,(S)RecoveryGutturalB3,,studio/open_nsfw_voice_pack_m_lewddmon/singles/bundle.unity3d,recovery_guttural_b3,,FALSE,FALSE,FALSE,FALSE,FALSE,FALSE,FALSE,FALSE,FALSE
187,11,2963303,(S)RecoveryGutturalB4,,studio/open_nsfw_voice_pack_m_lewddmon/singles/bundle.unity3d,recovery_guttural_b4,,FALSE,FALSE,FALSE,FALSE,FALSE,FALSE,FALSE,FALSE,FALSE
188,11,2963303,(S)RecoveryGutturalB5,,studio/open_nsfw_voice_pack_m_lewddmon/singles/bundle.unity3d,recovery_guttural_b5,,FALSE,FALSE,FALSE,FALSE,FALSE,FALSE,FALSE,FALSE,FALSE
189,11,2963303,(S)RecoveryGutturalC1,,studio/open_nsfw_voice_pack_m_lewddmon/singles/bundle.unity3d,recovery_guttural_c1,,FALSE,FALSE,FALSE,FALSE,FALSE,FALSE,FALSE,FALSE,FALSE
190,11,2963303,(S)RecoveryGutturalC2,,studio/open_nsfw_voice_pack_m_lewddmon/singles/bundle.unity3d,recovery_guttural_c2,,FALSE,FALSE,FALSE,FALSE,FALSE,FALSE,FALSE,FALSE,FALSE
191,11,2963303,(S)RecoveryGutturalC3,,studio/open_nsfw_voice_pack_m_lewddmon/singles/bundle.unity3d,recovery_guttural_c3,,FALSE,FALSE,FALSE,FALSE,FALSE,FALSE,FALSE,FALSE,FALSE
192,11,2963303,(S)RecoveryGutturalC4,,studio/open_nsfw_voice_pack_m_lewddmon/singles/bundle.unity3d,recovery_guttural_c4,,FALSE,FALSE,FALSE,FALSE,FALSE,FALSE,FALSE,FALSE,FALSE
193,11,2963303,(S)RecoveryGutturalC5,,studio/open_nsfw_voice_pack_m_lewddmon/singles/bundle.unity3d,recovery_guttural_c5,,FALSE,FALSE,FALSE,FALSE,FALSE,FALSE,FALSE,FALSE,FALSE
194,11,2963303,(S)RecoveryGutturalD1,,studio/open_nsfw_voice_pack_m_lewddmon/singles/bundle.unity3d,recovery_guttural_d1,,FALSE,FALSE,FALSE,FALSE,FALSE,FALSE,FALSE,FALSE,FALSE
195,11,2963303,(S)RecoveryGutturalD2,,studio/open_nsfw_voice_pack_m_lewddmon/singles/bundle.unity3d,recovery_guttural_d2,,FALSE,FALSE,FALSE,FALSE,FALSE,FALSE,FALSE,FALSE,FALSE
196,11,2963303,(S)RecoveryGutturalD3,,studio/open_nsfw_voice_pack_m_lewddmon/singles/bundle.unity3d,recovery_guttural_d3,,FALSE,FALSE,FALSE,FALSE,FALSE,FALSE,FALSE,FALSE,FALSE
197,11,2963303,(S)RecoveryGutturalD4,,studio/open_nsfw_voice_pack_m_lewddmon/singles/bundle.unity3d,recovery_guttural_d4,,FALSE,FALSE,FALSE,FALSE,FALSE,FALSE,FALSE,FALSE,FALSE
198,11,2963303,(S)RecoveryGutturalD5,,studio/open_nsfw_voice_pack_m_lewddmon/singles/bundle.unity3d,recovery_guttural_d5,,FALSE,FALSE,FALSE,FALSE,FALSE,FALSE,FALSE,FALSE,FALSE
199,11,2963303,(S)RecoverySubduedA1,,studio/open_nsfw_voice_pack_m_lewddmon/singles/bundle.unity3d,recovery_subdued_a1,,FALSE,FALSE,FALSE,FALSE,FALSE,FALSE,FALSE,FALSE,FALSE
200,11,2963303,(S)RecoverySubduedA2,,studio/open_nsfw_voice_pack_m_lewddmon/singles/bundle.unity3d,recovery_subdued_a2,,FALSE,FALSE,FALSE,FALSE,FALSE,FALSE,FALSE,FALSE,FALSE
201,11,2963303,(S)RecoverySubduedA3,,studio/open_nsfw_voice_pack_m_lewddmon/singles/bundle.unity3d,recovery_subdued_a3,,FALSE,FALSE,FALSE,FALSE,FALSE,FALSE,FALSE,FALSE,FALSE
202,11,2963303,(S)RecoverySubduedA4,,studio/open_nsfw_voice_pack_m_lewddmon/singles/bundle.unity3d,recovery_subdued_a4,,FALSE,FALSE,FALSE,FALSE,FALSE,FALSE,FALSE,FALSE,FALSE
203,11,2963303,(S)RecoverySubduedA5,,studio/open_nsfw_voice_pack_m_lewddmon/singles/bundle.unity3d,recovery_subdued_a5,,FALSE,FALSE,FALSE,FALSE,FALSE,FALSE,FALSE,FALSE,FALSE
204,11,2963303,(S)RecoverySubduedB1,,studio/open_nsfw_voice_pack_m_lewddmon/singles/bundle.unity3d,recovery_subdued_b1,,FALSE,FALSE,FALSE,FALSE,FALSE,FALSE,FALSE,FALSE,FALSE
205,11,2963303,(S)RecoverySubduedB2,,studio/open_nsfw_voice_pack_m_lewddmon/singles/bundle.unity3d,recovery_subdued_b2,,FALSE,FALSE,FALSE,FALSE,FALSE,FALSE,FALSE,FALSE,FALSE
206,11,2963303,(S)RecoverySubduedB3,,studio/open_nsfw_voice_pack_m_lewddmon/singles/bundle.unity3d,recovery_subdued_b3,,FALSE,FALSE,FALSE,FALSE,FALSE,FALSE,FALSE,FALSE,FALSE
207,11,2963303,(S)RecoverySubduedB4,,studio/open_nsfw_voice_pack_m_lewddmon/singles/bundle.unity3d,recovery_subdued_b4,,FALSE,FALSE,FALSE,FALSE,FALSE,FALSE,FALSE,FALSE,FALSE
208,11,2963303,(S)RecoverySubduedB5,,studio/open_nsfw_voice_pack_m_lewddmon/singles/bundle.unity3d,recovery_subdued_b5,,FALSE,FALSE,FALSE,FALSE,FALSE,FALSE,FALSE,FALSE,FALSE
209,11,2963303,(S)RecoverySubduedC1,,studio/open_nsfw_voice_pack_m_lewddmon/singles/bundle.unity3d,recovery_subdued_c1,,FALSE,FALSE,FALSE,FALSE,FALSE,FALSE,FALSE,FALSE,FALSE
210,11,2963303,(S)RecoverySubduedC2,,studio/open_nsfw_voice_pack_m_lewddmon/singles/bundle.unity3d,recovery_subdued_c2,,FALSE,FALSE,FALSE,FALSE,FALSE,FALSE,FALSE,FALSE,FALSE
211,11,2963303,(S)RecoverySubduedC3,,studio/open_nsfw_voice_pack_m_lewddmon/singles/bundle.unity3d,recovery_subdued_c3,,FALSE,FALSE,FALSE,FALSE,FALSE,FALSE,FALSE,FALSE,FALSE
212,11,2963303,(S)RecoverySubduedC4,,studio/open_nsfw_voice_pack_m_lewddmon/singles/bundle.unity3d,recovery_subdued_c4,,FALSE,FALSE,FALSE,FALSE,FALSE,FALSE,FALSE,FALSE,FALSE
213,11,2963303,(S)RecoverySubduedC5,,studio/open_nsfw_voice_pack_m_lewddmon/singles/bundle.unity3d,recovery_subdued_c5,,FALSE,FALSE,FALSE,FALSE,FALSE,FALSE,FALSE,FALSE,FALSE
