ID,Group Number,Category Number,Name,Manifest,Bundle Path,File Name,Child Attachment Transform,Animation,Color1,Pattern1,Color2,Pattern2,Color3,Pattern3,Scaling,Emission
1,29664,2102,BreathingFull,,studio/com_ax_mmd_opennsfw-moanpack[f]-rain_va_/moans[f]_[rain_va_]/bundle.unity3d,breathing_full,,FALSE,FALSE,FALSE,FALSE,FALSE,FALSE,FALSE,FALSE,FALSE
2,29664,2102,(S)Breathing01,,studio/com_ax_mmd_opennsfw-moanpack[f]-rain_va_/moans[f]_[rain_va_]/bundle.unity3d,breathing01,,FALSE,FALSE,FALSE,FALSE,FALSE,FALSE,FALSE,FALSE,FALSE
3,29664,2102,(S)Breathing02,,studio/com_ax_mmd_opennsfw-moanpack[f]-rain_va_/moans[f]_[rain_va_]/bundle.unity3d,breathing02,,FALSE,FALSE,FALSE,FALSE,FALSE,FALSE,FALSE,FALSE,FALSE
4,29664,2102,(S)Breathing03,,studio/com_ax_mmd_opennsfw-moanpack[f]-rain_va_/moans[f]_[rain_va_]/bundle.unity3d,breathing03,,FALSE,FALSE,FALSE,FALSE,FALSE,FALSE,FALSE,FALSE,FALSE
5,29664,2102,(S)Breathing04,,studio/com_ax_mmd_opennsfw-moanpack[f]-rain_va_/moans[f]_[rain_va_]/bundle.unity3d,breathing04,,FALSE,FALSE,FALSE,FALSE,FALSE,FALSE,FALSE,FALSE,FALSE
6,29664,2102,(S)Breathing05,,studio/com_ax_mmd_opennsfw-moanpack[f]-rain_va_/moans[f]_[rain_va_]/bundle.unity3d,breathing05,,FALSE,FALSE,FALSE,FALSE,FALSE,FALSE,FALSE,FALSE,FALSE
7,29664,2102,(S)Breathing06,,studio/com_ax_mmd_opennsfw-moanpack[f]-rain_va_/moans[f]_[rain_va_]/bundle.unity3d,breathing06,,FALSE,FALSE,FALSE,FALSE,FALSE,FALSE,FALSE,FALSE,FALSE
8,29664,2102,(S)Breathing07,,studio/com_ax_mmd_opennsfw-moanpack[f]-rain_va_/moans[f]_[rain_va_]/bundle.unity3d,breathing07,,FALSE,FALSE,FALSE,FALSE,FALSE,FALSE,FALSE,FALSE,FALSE
9,29664,2102,(S)Breathing08,,studio/com_ax_mmd_opennsfw-moanpack[f]-rain_va_/moans[f]_[rain_va_]/bundle.unity3d,breathing08,,FALSE,FALSE,FALSE,FALSE,FALSE,FALSE,FALSE,FALSE,FALSE
10,29664,2102,(S)Breathing09,,studio/com_ax_mmd_opennsfw-moanpack[f]-rain_va_/moans[f]_[rain_va_]/bundle.unity3d,breathing09,,FALSE,FALSE,FALSE,FALSE,FALSE,FALSE,FALSE,FALSE,FALSE
11,29664,2102,BreathingDarkFull,,studio/com_ax_mmd_opennsfw-moanpack[f]-rain_va_/moans[f]_[rain_va_]/bundle.unity3d,breathing_dark_full,,FALSE,FALSE,FALSE,FALSE,FALSE,FALSE,FALSE,FALSE,FALSE
12,29664,2102,(S)BreathingDark01,,studio/com_ax_mmd_opennsfw-moanpack[f]-rain_va_/moans[f]_[rain_va_]/bundle.unity3d,breathing_dark01,,FALSE,FALSE,FALSE,FALSE,FALSE,FALSE,FALSE,FALSE,FALSE
13,29664,2102,(S)BreathingDark02,,studio/com_ax_mmd_opennsfw-moanpack[f]-rain_va_/moans[f]_[rain_va_]/bundle.unity3d,breathing_dark02,,FALSE,FALSE,FALSE,FALSE,FALSE,FALSE,FALSE,FALSE,FALSE
14,29664,2102,(S)BreathingDark03,,studio/com_ax_mmd_opennsfw-moanpack[f]-rain_va_/moans[f]_[rain_va_]/bundle.unity3d,breathing_dark03,,FALSE,FALSE,FALSE,FALSE,FALSE,FALSE,FALSE,FALSE,FALSE
15,29664,2102,(S)BreathingDark04,,studio/com_ax_mmd_opennsfw-moanpack[f]-rain_va_/moans[f]_[rain_va_]/bundle.unity3d,breathing_dark04,,FALSE,FALSE,FALSE,FALSE,FALSE,FALSE,FALSE,FALSE,FALSE
16,29664,2102,(S)BreathingDark05,,studio/com_ax_mmd_opennsfw-moanpack[f]-rain_va_/moans[f]_[rain_va_]/bundle.unity3d,breathing_dark05,,FALSE,FALSE,FALSE,FALSE,FALSE,FALSE,FALSE,FALSE,FALSE
17,29664,2102,(S)BreathingDark06,,studio/com_ax_mmd_opennsfw-moanpack[f]-rain_va_/moans[f]_[rain_va_]/bundle.unity3d,breathing_dark06,,FALSE,FALSE,FALSE,FALSE,FALSE,FALSE,FALSE,FALSE,FALSE
18,29664,2102,(S)BreathingDark07,,studio/com_ax_mmd_opennsfw-moanpack[f]-rain_va_/moans[f]_[rain_va_]/bundle.unity3d,breathing_dark07,,FALSE,FALSE,FALSE,FALSE,FALSE,FALSE,FALSE,FALSE,FALSE
19,29664,2102,(S)BreathingDark08,,studio/com_ax_mmd_opennsfw-moanpack[f]-rain_va_/moans[f]_[rain_va_]/bundle.unity3d,breathing_dark08,,FALSE,FALSE,FALSE,FALSE,FALSE,FALSE,FALSE,FALSE,FALSE
20,29664,2102,(S)BreathingDark09,,studio/com_ax_mmd_opennsfw-moanpack[f]-rain_va_/moans[f]_[rain_va_]/bundle.unity3d,breathing_dark09,,FALSE,FALSE,FALSE,FALSE,FALSE,FALSE,FALSE,FALSE,FALSE
21,29664,2102,BreathingLightFull,,studio/com_ax_mmd_opennsfw-moanpack[f]-rain_va_/moans[f]_[rain_va_]/bundle.unity3d,breathing_light_full,,FALSE,FALSE,FALSE,FALSE,FALSE,FALSE,FALSE,FALSE,FALSE
22,29664,2102,(S)BreathingLight01,,studio/com_ax_mmd_opennsfw-moanpack[f]-rain_va_/moans[f]_[rain_va_]/bundle.unity3d,breathing_light01,,FALSE,FALSE,FALSE,FALSE,FALSE,FALSE,FALSE,FALSE,FALSE
23,29664,2102,(S)BreathingLight02,,studio/com_ax_mmd_opennsfw-moanpack[f]-rain_va_/moans[f]_[rain_va_]/bundle.unity3d,breathing_light02,,FALSE,FALSE,FALSE,FALSE,FALSE,FALSE,FALSE,FALSE,FALSE
24,29664,2102,(S)BreathingLight03,,studio/com_ax_mmd_opennsfw-moanpack[f]-rain_va_/moans[f]_[rain_va_]/bundle.unity3d,breathing_light03,,FALSE,FALSE,FALSE,FALSE,FALSE,FALSE,FALSE,FALSE,FALSE
25,29664,2102,(S)BreathingLight04,,studio/com_ax_mmd_opennsfw-moanpack[f]-rain_va_/moans[f]_[rain_va_]/bundle.unity3d,breathing_light04,,FALSE,FALSE,FALSE,FALSE,FALSE,FALSE,FALSE,FALSE,FALSE
26,29664,2102,(S)BreathingLight05,,studio/com_ax_mmd_opennsfw-moanpack[f]-rain_va_/moans[f]_[rain_va_]/bundle.unity3d,breathing_light05,,FALSE,FALSE,FALSE,FALSE,FALSE,FALSE,FALSE,FALSE,FALSE
27,29664,2102,(S)BreathingLight06,,studio/com_ax_mmd_opennsfw-moanpack[f]-rain_va_/moans[f]_[rain_va_]/bundle.unity3d,breathing_light06,,FALSE,FALSE,FALSE,FALSE,FALSE,FALSE,FALSE,FALSE,FALSE
28,29664,2102,(S)BreathingLight07,,studio/com_ax_mmd_opennsfw-moanpack[f]-rain_va_/moans[f]_[rain_va_]/bundle.unity3d,breathing_light07,,FALSE,FALSE,FALSE,FALSE,FALSE,FALSE,FALSE,FALSE,FALSE
29,29664,2102,(S)BreathingLight08,,studio/com_ax_mmd_opennsfw-moanpack[f]-rain_va_/moans[f]_[rain_va_]/bundle.unity3d,breathing_light08,,FALSE,FALSE,FALSE,FALSE,FALSE,FALSE,FALSE,FALSE,FALSE
30,29664,2102,(S)BreathingLight09,,studio/com_ax_mmd_opennsfw-moanpack[f]-rain_va_/moans[f]_[rain_va_]/bundle.unity3d,breathing_light09,,FALSE,FALSE,FALSE,FALSE,FALSE,FALSE,FALSE,FALSE,FALSE
31,29664,2102,(S)BreathingLight10,,studio/com_ax_mmd_opennsfw-moanpack[f]-rain_va_/moans[f]_[rain_va_]/bundle.unity3d,breathing_light10,,FALSE,FALSE,FALSE,FALSE,FALSE,FALSE,FALSE,FALSE,FALSE
32,29664,2102,MoanFastFull,,studio/com_ax_mmd_opennsfw-moanpack[f]-rain_va_/moans[f]_[rain_va_]/bundle.unity3d,moan_fast_full,,FALSE,FALSE,FALSE,FALSE,FALSE,FALSE,FALSE,FALSE,FALSE
33,29664,2102,(S)MoanFast01,,studio/com_ax_mmd_opennsfw-moanpack[f]-rain_va_/moans[f]_[rain_va_]/bundle.unity3d,moan_fast01,,FALSE,FALSE,FALSE,FALSE,FALSE,FALSE,FALSE,FALSE,FALSE
34,29664,2102,(S)MoanFast02,,studio/com_ax_mmd_opennsfw-moanpack[f]-rain_va_/moans[f]_[rain_va_]/bundle.unity3d,moan_fast02,,FALSE,FALSE,FALSE,FALSE,FALSE,FALSE,FALSE,FALSE,FALSE
35,29664,2102,(S)MoanFast03,,studio/com_ax_mmd_opennsfw-moanpack[f]-rain_va_/moans[f]_[rain_va_]/bundle.unity3d,moan_fast03,,FALSE,FALSE,FALSE,FALSE,FALSE,FALSE,FALSE,FALSE,FALSE
36,29664,2102,(S)MoanFast04,,studio/com_ax_mmd_opennsfw-moanpack[f]-rain_va_/moans[f]_[rain_va_]/bundle.unity3d,moan_fast04,,FALSE,FALSE,FALSE,FALSE,FALSE,FALSE,FALSE,FALSE,FALSE
37,29664,2102,(S)MoanFast05,,studio/com_ax_mmd_opennsfw-moanpack[f]-rain_va_/moans[f]_[rain_va_]/bundle.unity3d,moan_fast05,,FALSE,FALSE,FALSE,FALSE,FALSE,FALSE,FALSE,FALSE,FALSE
38,29664,2102,(S)MoanFast06,,studio/com_ax_mmd_opennsfw-moanpack[f]-rain_va_/moans[f]_[rain_va_]/bundle.unity3d,moan_fast06,,FALSE,FALSE,FALSE,FALSE,FALSE,FALSE,FALSE,FALSE,FALSE
39,29664,2102,(S)MoanFast07,,studio/com_ax_mmd_opennsfw-moanpack[f]-rain_va_/moans[f]_[rain_va_]/bundle.unity3d,moan_fast07,,FALSE,FALSE,FALSE,FALSE,FALSE,FALSE,FALSE,FALSE,FALSE
40,29664,2102,(S)MoanFast08,,studio/com_ax_mmd_opennsfw-moanpack[f]-rain_va_/moans[f]_[rain_va_]/bundle.unity3d,moan_fast08,,FALSE,FALSE,FALSE,FALSE,FALSE,FALSE,FALSE,FALSE,FALSE
41,29664,2102,(S)MoanFast09,,studio/com_ax_mmd_opennsfw-moanpack[f]-rain_va_/moans[f]_[rain_va_]/bundle.unity3d,moan_fast09,,FALSE,FALSE,FALSE,FALSE,FALSE,FALSE,FALSE,FALSE,FALSE
42,29664,2102,(S)MoanFast10,,studio/com_ax_mmd_opennsfw-moanpack[f]-rain_va_/moans[f]_[rain_va_]/bundle.unity3d,moan_fast10,,FALSE,FALSE,FALSE,FALSE,FALSE,FALSE,FALSE,FALSE,FALSE
43,29664,2102,(S)MoanFast11,,studio/com_ax_mmd_opennsfw-moanpack[f]-rain_va_/moans[f]_[rain_va_]/bundle.unity3d,moan_fast11,,FALSE,FALSE,FALSE,FALSE,FALSE,FALSE,FALSE,FALSE,FALSE
44,29664,2102,(S)MoanFast12,,studio/com_ax_mmd_opennsfw-moanpack[f]-rain_va_/moans[f]_[rain_va_]/bundle.unity3d,moan_fast12,,FALSE,FALSE,FALSE,FALSE,FALSE,FALSE,FALSE,FALSE,FALSE
45,29664,2102,(S)MoanFast13,,studio/com_ax_mmd_opennsfw-moanpack[f]-rain_va_/moans[f]_[rain_va_]/bundle.unity3d,moan_fast13,,FALSE,FALSE,FALSE,FALSE,FALSE,FALSE,FALSE,FALSE,FALSE
46,29664,2102,(S)MoanFast14,,studio/com_ax_mmd_opennsfw-moanpack[f]-rain_va_/moans[f]_[rain_va_]/bundle.unity3d,moan_fast14,,FALSE,FALSE,FALSE,FALSE,FALSE,FALSE,FALSE,FALSE,FALSE
47,29664,2102,(S)MoanFast15,,studio/com_ax_mmd_opennsfw-moanpack[f]-rain_va_/moans[f]_[rain_va_]/bundle.unity3d,moan_fast15,,FALSE,FALSE,FALSE,FALSE,FALSE,FALSE,FALSE,FALSE,FALSE
48,29664,2102,(S)MoanFast16,,studio/com_ax_mmd_opennsfw-moanpack[f]-rain_va_/moans[f]_[rain_va_]/bundle.unity3d,moan_fast16,,FALSE,FALSE,FALSE,FALSE,FALSE,FALSE,FALSE,FALSE,FALSE
49,29664,2102,(S)MoanFast17,,studio/com_ax_mmd_opennsfw-moanpack[f]-rain_va_/moans[f]_[rain_va_]/bundle.unity3d,moan_fast17,,FALSE,FALSE,FALSE,FALSE,FALSE,FALSE,FALSE,FALSE,FALSE
50,29664,2102,(S)MoanFast18,,studio/com_ax_mmd_opennsfw-moanpack[f]-rain_va_/moans[f]_[rain_va_]/bundle.unity3d,moan_fast18,,FALSE,FALSE,FALSE,FALSE,FALSE,FALSE,FALSE,FALSE,FALSE
51,29664,2102,(S)MoanFast19,,studio/com_ax_mmd_opennsfw-moanpack[f]-rain_va_/moans[f]_[rain_va_]/bundle.unity3d,moan_fast19,,FALSE,FALSE,FALSE,FALSE,FALSE,FALSE,FALSE,FALSE,FALSE
52,29664,2102,(S)MoanFast20,,studio/com_ax_mmd_opennsfw-moanpack[f]-rain_va_/moans[f]_[rain_va_]/bundle.unity3d,moan_fast20,,FALSE,FALSE,FALSE,FALSE,FALSE,FALSE,FALSE,FALSE,FALSE
53,29664,2102,(S)MoanFast21,,studio/com_ax_mmd_opennsfw-moanpack[f]-rain_va_/moans[f]_[rain_va_]/bundle.unity3d,moan_fast21,,FALSE,FALSE,FALSE,FALSE,FALSE,FALSE,FALSE,FALSE,FALSE
54,29664,2102,(S)MoanFast22,,studio/com_ax_mmd_opennsfw-moanpack[f]-rain_va_/moans[f]_[rain_va_]/bundle.unity3d,moan_fast22,,FALSE,FALSE,FALSE,FALSE,FALSE,FALSE,FALSE,FALSE,FALSE
55,29664,2102,(S)MoanFast23,,studio/com_ax_mmd_opennsfw-moanpack[f]-rain_va_/moans[f]_[rain_va_]/bundle.unity3d,moan_fast23,,FALSE,FALSE,FALSE,FALSE,FALSE,FALSE,FALSE,FALSE,FALSE
56,29664,2102,(S)MoanFast24,,studio/com_ax_mmd_opennsfw-moanpack[f]-rain_va_/moans[f]_[rain_va_]/bundle.unity3d,moan_fast24,,FALSE,FALSE,FALSE,FALSE,FALSE,FALSE,FALSE,FALSE,FALSE
57,29664,2102,(S)MoanFast25,,studio/com_ax_mmd_opennsfw-moanpack[f]-rain_va_/moans[f]_[rain_va_]/bundle.unity3d,moan_fast25,,FALSE,FALSE,FALSE,FALSE,FALSE,FALSE,FALSE,FALSE,FALSE
58,29664,2102,(S)MoanFast26,,studio/com_ax_mmd_opennsfw-moanpack[f]-rain_va_/moans[f]_[rain_va_]/bundle.unity3d,moan_fast26,,FALSE,FALSE,FALSE,FALSE,FALSE,FALSE,FALSE,FALSE,FALSE
59,29664,2102,(S)MoanFast27,,studio/com_ax_mmd_opennsfw-moanpack[f]-rain_va_/moans[f]_[rain_va_]/bundle.unity3d,moan_fast27,,FALSE,FALSE,FALSE,FALSE,FALSE,FALSE,FALSE,FALSE,FALSE
60,29664,2102,(S)MoanFast28,,studio/com_ax_mmd_opennsfw-moanpack[f]-rain_va_/moans[f]_[rain_va_]/bundle.unity3d,moan_fast28,,FALSE,FALSE,FALSE,FALSE,FALSE,FALSE,FALSE,FALSE,FALSE
61,29664,2102,(S)MoanFast29,,studio/com_ax_mmd_opennsfw-moanpack[f]-rain_va_/moans[f]_[rain_va_]/bundle.unity3d,moan_fast29,,FALSE,FALSE,FALSE,FALSE,FALSE,FALSE,FALSE,FALSE,FALSE
62,29664,2102,(S)MoanFast30,,studio/com_ax_mmd_opennsfw-moanpack[f]-rain_va_/moans[f]_[rain_va_]/bundle.unity3d,moan_fast30,,FALSE,FALSE,FALSE,FALSE,FALSE,FALSE,FALSE,FALSE,FALSE
63,29664,2102,(S)MoanFast31,,studio/com_ax_mmd_opennsfw-moanpack[f]-rain_va_/moans[f]_[rain_va_]/bundle.unity3d,moan_fast31,,FALSE,FALSE,FALSE,FALSE,FALSE,FALSE,FALSE,FALSE,FALSE
64,29664,2102,(S)MoanFast32,,studio/com_ax_mmd_opennsfw-moanpack[f]-rain_va_/moans[f]_[rain_va_]/bundle.unity3d,moan_fast32,,FALSE,FALSE,FALSE,FALSE,FALSE,FALSE,FALSE,FALSE,FALSE
65,29664,2102,(S)MoanFast33,,studio/com_ax_mmd_opennsfw-moanpack[f]-rain_va_/moans[f]_[rain_va_]/bundle.unity3d,moan_fast33,,FALSE,FALSE,FALSE,FALSE,FALSE,FALSE,FALSE,FALSE,FALSE
66,29664,2102,(S)MoanFast34,,studio/com_ax_mmd_opennsfw-moanpack[f]-rain_va_/moans[f]_[rain_va_]/bundle.unity3d,moan_fast34,,FALSE,FALSE,FALSE,FALSE,FALSE,FALSE,FALSE,FALSE,FALSE
67,29664,2102,(S)MoanFast35,,studio/com_ax_mmd_opennsfw-moanpack[f]-rain_va_/moans[f]_[rain_va_]/bundle.unity3d,moan_fast35,,FALSE,FALSE,FALSE,FALSE,FALSE,FALSE,FALSE,FALSE,FALSE
68,29664,2102,(S)MoanFast36,,studio/com_ax_mmd_opennsfw-moanpack[f]-rain_va_/moans[f]_[rain_va_]/bundle.unity3d,moan_fast36,,FALSE,FALSE,FALSE,FALSE,FALSE,FALSE,FALSE,FALSE,FALSE
69,29664,2102,(S)MoanFast37,,studio/com_ax_mmd_opennsfw-moanpack[f]-rain_va_/moans[f]_[rain_va_]/bundle.unity3d,moan_fast37,,FALSE,FALSE,FALSE,FALSE,FALSE,FALSE,FALSE,FALSE,FALSE
70,29664,2102,(S)MoanFast38,,studio/com_ax_mmd_opennsfw-moanpack[f]-rain_va_/moans[f]_[rain_va_]/bundle.unity3d,moan_fast38,,FALSE,FALSE,FALSE,FALSE,FALSE,FALSE,FALSE,FALSE,FALSE
71,29664,2102,(S)MoanFast39,,studio/com_ax_mmd_opennsfw-moanpack[f]-rain_va_/moans[f]_[rain_va_]/bundle.unity3d,moan_fast39,,FALSE,FALSE,FALSE,FALSE,FALSE,FALSE,FALSE,FALSE,FALSE
72,29664,2102,(S)MoanFast40,,studio/com_ax_mmd_opennsfw-moanpack[f]-rain_va_/moans[f]_[rain_va_]/bundle.unity3d,moan_fast40,,FALSE,FALSE,FALSE,FALSE,FALSE,FALSE,FALSE,FALSE,FALSE
73,29664,2102,(S)MoanFast41,,studio/com_ax_mmd_opennsfw-moanpack[f]-rain_va_/moans[f]_[rain_va_]/bundle.unity3d,moan_fast41,,FALSE,FALSE,FALSE,FALSE,FALSE,FALSE,FALSE,FALSE,FALSE
74,29664,2102,MoanFastDarkFull,,studio/com_ax_mmd_opennsfw-moanpack[f]-rain_va_/moans[f]_[rain_va_]/bundle.unity3d,moan_fast_dark_full,,FALSE,FALSE,FALSE,FALSE,FALSE,FALSE,FALSE,FALSE,FALSE
75,29664,2102,(S)MoanFastDark01,,studio/com_ax_mmd_opennsfw-moanpack[f]-rain_va_/moans[f]_[rain_va_]/bundle.unity3d,moan_fast_dark01,,FALSE,FALSE,FALSE,FALSE,FALSE,FALSE,FALSE,FALSE,FALSE
76,29664,2102,(S)MoanFastDark02,,studio/com_ax_mmd_opennsfw-moanpack[f]-rain_va_/moans[f]_[rain_va_]/bundle.unity3d,moan_fast_dark02,,FALSE,FALSE,FALSE,FALSE,FALSE,FALSE,FALSE,FALSE,FALSE
77,29664,2102,(S)MoanFastDark03,,studio/com_ax_mmd_opennsfw-moanpack[f]-rain_va_/moans[f]_[rain_va_]/bundle.unity3d,moan_fast_dark03,,FALSE,FALSE,FALSE,FALSE,FALSE,FALSE,FALSE,FALSE,FALSE
78,29664,2102,(S)MoanFastDark04,,studio/com_ax_mmd_opennsfw-moanpack[f]-rain_va_/moans[f]_[rain_va_]/bundle.unity3d,moan_fast_dark04,,FALSE,FALSE,FALSE,FALSE,FALSE,FALSE,FALSE,FALSE,FALSE
79,29664,2102,(S)MoanFastDark05,,studio/com_ax_mmd_opennsfw-moanpack[f]-rain_va_/moans[f]_[rain_va_]/bundle.unity3d,moan_fast_dark05,,FALSE,FALSE,FALSE,FALSE,FALSE,FALSE,FALSE,FALSE,FALSE
80,29664,2102,(S)MoanFastDark06,,studio/com_ax_mmd_opennsfw-moanpack[f]-rain_va_/moans[f]_[rain_va_]/bundle.unity3d,moan_fast_dark06,,FALSE,FALSE,FALSE,FALSE,FALSE,FALSE,FALSE,FALSE,FALSE
81,29664,2102,(S)MoanFastDark07,,studio/com_ax_mmd_opennsfw-moanpack[f]-rain_va_/moans[f]_[rain_va_]/bundle.unity3d,moan_fast_dark07,,FALSE,FALSE,FALSE,FALSE,FALSE,FALSE,FALSE,FALSE,FALSE
82,29664,2102,(S)MoanFastDark08,,studio/com_ax_mmd_opennsfw-moanpack[f]-rain_va_/moans[f]_[rain_va_]/bundle.unity3d,moan_fast_dark08,,FALSE,FALSE,FALSE,FALSE,FALSE,FALSE,FALSE,FALSE,FALSE
83,29664,2102,(S)MoanFastDark09,,studio/com_ax_mmd_opennsfw-moanpack[f]-rain_va_/moans[f]_[rain_va_]/bundle.unity3d,moan_fast_dark09,,FALSE,FALSE,FALSE,FALSE,FALSE,FALSE,FALSE,FALSE,FALSE
84,29664,2102,(S)MoanFastDark10,,studio/com_ax_mmd_opennsfw-moanpack[f]-rain_va_/moans[f]_[rain_va_]/bundle.unity3d,moan_fast_dark10,,FALSE,FALSE,FALSE,FALSE,FALSE,FALSE,FALSE,FALSE,FALSE
85,29664,2102,(S)MoanFastDark11,,studio/com_ax_mmd_opennsfw-moanpack[f]-rain_va_/moans[f]_[rain_va_]/bundle.unity3d,moan_fast_dark11,,FALSE,FALSE,FALSE,FALSE,FALSE,FALSE,FALSE,FALSE,FALSE
86,29664,2102,(S)MoanFastDark12,,studio/com_ax_mmd_opennsfw-moanpack[f]-rain_va_/moans[f]_[rain_va_]/bundle.unity3d,moan_fast_dark12,,FALSE,FALSE,FALSE,FALSE,FALSE,FALSE,FALSE,FALSE,FALSE
87,29664,2102,(S)MoanFastDark13,,studio/com_ax_mmd_opennsfw-moanpack[f]-rain_va_/moans[f]_[rain_va_]/bundle.unity3d,moan_fast_dark13,,FALSE,FALSE,FALSE,FALSE,FALSE,FALSE,FALSE,FALSE,FALSE
88,29664,2102,(S)MoanFastDark14,,studio/com_ax_mmd_opennsfw-moanpack[f]-rain_va_/moans[f]_[rain_va_]/bundle.unity3d,moan_fast_dark14,,FALSE,FALSE,FALSE,FALSE,FALSE,FALSE,FALSE,FALSE,FALSE
89,29664,2102,(S)MoanFastDark15,,studio/com_ax_mmd_opennsfw-moanpack[f]-rain_va_/moans[f]_[rain_va_]/bundle.unity3d,moan_fast_dark15,,FALSE,FALSE,FALSE,FALSE,FALSE,FALSE,FALSE,FALSE,FALSE
90,29664,2102,(S)MoanFastDark16,,studio/com_ax_mmd_opennsfw-moanpack[f]-rain_va_/moans[f]_[rain_va_]/bundle.unity3d,moan_fast_dark16,,FALSE,FALSE,FALSE,FALSE,FALSE,FALSE,FALSE,FALSE,FALSE
91,29664,2102,(S)MoanFastDark17,,studio/com_ax_mmd_opennsfw-moanpack[f]-rain_va_/moans[f]_[rain_va_]/bundle.unity3d,moan_fast_dark17,,FALSE,FALSE,FALSE,FALSE,FALSE,FALSE,FALSE,FALSE,FALSE
92,29664,2102,(S)MoanFastDark18,,studio/com_ax_mmd_opennsfw-moanpack[f]-rain_va_/moans[f]_[rain_va_]/bundle.unity3d,moan_fast_dark18,,FALSE,FALSE,FALSE,FALSE,FALSE,FALSE,FALSE,FALSE,FALSE
93,29664,2102,(S)MoanFastDark19,,studio/com_ax_mmd_opennsfw-moanpack[f]-rain_va_/moans[f]_[rain_va_]/bundle.unity3d,moan_fast_dark19,,FALSE,FALSE,FALSE,FALSE,FALSE,FALSE,FALSE,FALSE,FALSE
94,29664,2102,(S)MoanFastDark20,,studio/com_ax_mmd_opennsfw-moanpack[f]-rain_va_/moans[f]_[rain_va_]/bundle.unity3d,moan_fast_dark20,,FALSE,FALSE,FALSE,FALSE,FALSE,FALSE,FALSE,FALSE,FALSE
95,29664,2102,(S)MoanFastDark21,,studio/com_ax_mmd_opennsfw-moanpack[f]-rain_va_/moans[f]_[rain_va_]/bundle.unity3d,moan_fast_dark21,,FALSE,FALSE,FALSE,FALSE,FALSE,FALSE,FALSE,FALSE,FALSE
96,29664,2102,(S)MoanFastDark22,,studio/com_ax_mmd_opennsfw-moanpack[f]-rain_va_/moans[f]_[rain_va_]/bundle.unity3d,moan_fast_dark22,,FALSE,FALSE,FALSE,FALSE,FALSE,FALSE,FALSE,FALSE,FALSE
97,29664,2102,(S)MoanFastDark23,,studio/com_ax_mmd_opennsfw-moanpack[f]-rain_va_/moans[f]_[rain_va_]/bundle.unity3d,moan_fast_dark23,,FALSE,FALSE,FALSE,FALSE,FALSE,FALSE,FALSE,FALSE,FALSE
98,29664,2102,(S)MoanFastDark24,,studio/com_ax_mmd_opennsfw-moanpack[f]-rain_va_/moans[f]_[rain_va_]/bundle.unity3d,moan_fast_dark24,,FALSE,FALSE,FALSE,FALSE,FALSE,FALSE,FALSE,FALSE,FALSE
99,29664,2102,(S)MoanFastDark25,,studio/com_ax_mmd_opennsfw-moanpack[f]-rain_va_/moans[f]_[rain_va_]/bundle.unity3d,moan_fast_dark25,,FALSE,FALSE,FALSE,FALSE,FALSE,FALSE,FALSE,FALSE,FALSE
100,29664,2102,(S)MoanFastDark26,,studio/com_ax_mmd_opennsfw-moanpack[f]-rain_va_/moans[f]_[rain_va_]/bundle.unity3d,moan_fast_dark26,,FALSE,FALSE,FALSE,FALSE,FALSE,FALSE,FALSE,FALSE,FALSE
101,29664,2102,(S)MoanFastDark27,,studio/com_ax_mmd_opennsfw-moanpack[f]-rain_va_/moans[f]_[rain_va_]/bundle.unity3d,moan_fast_dark27,,FALSE,FALSE,FALSE,FALSE,FALSE,FALSE,FALSE,FALSE,FALSE
102,29664,2102,(S)MoanFastDark28,,studio/com_ax_mmd_opennsfw-moanpack[f]-rain_va_/moans[f]_[rain_va_]/bundle.unity3d,moan_fast_dark28,,FALSE,FALSE,FALSE,FALSE,FALSE,FALSE,FALSE,FALSE,FALSE
103,29664,2102,(S)MoanFastDark29,,studio/com_ax_mmd_opennsfw-moanpack[f]-rain_va_/moans[f]_[rain_va_]/bundle.unity3d,moan_fast_dark29,,FALSE,FALSE,FALSE,FALSE,FALSE,FALSE,FALSE,FALSE,FALSE
104,29664,2102,MoanFastLightFull,,studio/com_ax_mmd_opennsfw-moanpack[f]-rain_va_/moans[f]_[rain_va_]/bundle.unity3d,moan_fast_light_full,,FALSE,FALSE,FALSE,FALSE,FALSE,FALSE,FALSE,FALSE,FALSE
105,29664,2102,(S)MoanFastLight01,,studio/com_ax_mmd_opennsfw-moanpack[f]-rain_va_/moans[f]_[rain_va_]/bundle.unity3d,moan_fast_light01,,FALSE,FALSE,FALSE,FALSE,FALSE,FALSE,FALSE,FALSE,FALSE
106,29664,2102,(S)MoanFastLight02,,studio/com_ax_mmd_opennsfw-moanpack[f]-rain_va_/moans[f]_[rain_va_]/bundle.unity3d,moan_fast_light02,,FALSE,FALSE,FALSE,FALSE,FALSE,FALSE,FALSE,FALSE,FALSE
107,29664,2102,(S)MoanFastLight03,,studio/com_ax_mmd_opennsfw-moanpack[f]-rain_va_/moans[f]_[rain_va_]/bundle.unity3d,moan_fast_light03,,FALSE,FALSE,FALSE,FALSE,FALSE,FALSE,FALSE,FALSE,FALSE
108,29664,2102,(S)MoanFastLight04,,studio/com_ax_mmd_opennsfw-moanpack[f]-rain_va_/moans[f]_[rain_va_]/bundle.unity3d,moan_fast_light04,,FALSE,FALSE,FALSE,FALSE,FALSE,FALSE,FALSE,FALSE,FALSE
109,29664,2102,(S)MoanFastLight05,,studio/com_ax_mmd_opennsfw-moanpack[f]-rain_va_/moans[f]_[rain_va_]/bundle.unity3d,moan_fast_light05,,FALSE,FALSE,FALSE,FALSE,FALSE,FALSE,FALSE,FALSE,FALSE
110,29664,2102,(S)MoanFastLight06,,studio/com_ax_mmd_opennsfw-moanpack[f]-rain_va_/moans[f]_[rain_va_]/bundle.unity3d,moan_fast_light06,,FALSE,FALSE,FALSE,FALSE,FALSE,FALSE,FALSE,FALSE,FALSE
111,29664,2102,(S)MoanFastLight07,,studio/com_ax_mmd_opennsfw-moanpack[f]-rain_va_/moans[f]_[rain_va_]/bundle.unity3d,moan_fast_light07,,FALSE,FALSE,FALSE,FALSE,FALSE,FALSE,FALSE,FALSE,FALSE
112,29664,2102,(S)MoanFastLight08,,studio/com_ax_mmd_opennsfw-moanpack[f]-rain_va_/moans[f]_[rain_va_]/bundle.unity3d,moan_fast_light08,,FALSE,FALSE,FALSE,FALSE,FALSE,FALSE,FALSE,FALSE,FALSE
113,29664,2102,(S)MoanFastLight09,,studio/com_ax_mmd_opennsfw-moanpack[f]-rain_va_/moans[f]_[rain_va_]/bundle.unity3d,moan_fast_light09,,FALSE,FALSE,FALSE,FALSE,FALSE,FALSE,FALSE,FALSE,FALSE
114,29664,2102,(S)MoanFastLight10,,studio/com_ax_mmd_opennsfw-moanpack[f]-rain_va_/moans[f]_[rain_va_]/bundle.unity3d,moan_fast_light10,,FALSE,FALSE,FALSE,FALSE,FALSE,FALSE,FALSE,FALSE,FALSE
115,29664,2102,(S)MoanFastLight11,,studio/com_ax_mmd_opennsfw-moanpack[f]-rain_va_/moans[f]_[rain_va_]/bundle.unity3d,moan_fast_light11,,FALSE,FALSE,FALSE,FALSE,FALSE,FALSE,FALSE,FALSE,FALSE
116,29664,2102,(S)MoanFastLight12,,studio/com_ax_mmd_opennsfw-moanpack[f]-rain_va_/moans[f]_[rain_va_]/bundle.unity3d,moan_fast_light12,,FALSE,FALSE,FALSE,FALSE,FALSE,FALSE,FALSE,FALSE,FALSE
117,29664,2102,(S)MoanFastLight13,,studio/com_ax_mmd_opennsfw-moanpack[f]-rain_va_/moans[f]_[rain_va_]/bundle.unity3d,moan_fast_light13,,FALSE,FALSE,FALSE,FALSE,FALSE,FALSE,FALSE,FALSE,FALSE
118,29664,2102,(S)MoanFastLight14,,studio/com_ax_mmd_opennsfw-moanpack[f]-rain_va_/moans[f]_[rain_va_]/bundle.unity3d,moan_fast_light14,,FALSE,FALSE,FALSE,FALSE,FALSE,FALSE,FALSE,FALSE,FALSE
119,29664,2102,(S)MoanFastLight15,,studio/com_ax_mmd_opennsfw-moanpack[f]-rain_va_/moans[f]_[rain_va_]/bundle.unity3d,moan_fast_light15,,FALSE,FALSE,FALSE,FALSE,FALSE,FALSE,FALSE,FALSE,FALSE
120,29664,2102,(S)MoanFastLight16,,studio/com_ax_mmd_opennsfw-moanpack[f]-rain_va_/moans[f]_[rain_va_]/bundle.unity3d,moan_fast_light16,,FALSE,FALSE,FALSE,FALSE,FALSE,FALSE,FALSE,FALSE,FALSE
121,29664,2102,(S)MoanFastLight17,,studio/com_ax_mmd_opennsfw-moanpack[f]-rain_va_/moans[f]_[rain_va_]/bundle.unity3d,moan_fast_light17,,FALSE,FALSE,FALSE,FALSE,FALSE,FALSE,FALSE,FALSE,FALSE
122,29664,2102,(S)MoanFastLight18,,studio/com_ax_mmd_opennsfw-moanpack[f]-rain_va_/moans[f]_[rain_va_]/bundle.unity3d,moan_fast_light18,,FALSE,FALSE,FALSE,FALSE,FALSE,FALSE,FALSE,FALSE,FALSE
123,29664,2102,(S)MoanFastLight19,,studio/com_ax_mmd_opennsfw-moanpack[f]-rain_va_/moans[f]_[rain_va_]/bundle.unity3d,moan_fast_light19,,FALSE,FALSE,FALSE,FALSE,FALSE,FALSE,FALSE,FALSE,FALSE
124,29664,2102,(S)MoanFastLight20,,studio/com_ax_mmd_opennsfw-moanpack[f]-rain_va_/moans[f]_[rain_va_]/bundle.unity3d,moan_fast_light20,,FALSE,FALSE,FALSE,FALSE,FALSE,FALSE,FALSE,FALSE,FALSE
125,29664,2102,(S)MoanFastLight21,,studio/com_ax_mmd_opennsfw-moanpack[f]-rain_va_/moans[f]_[rain_va_]/bundle.unity3d,moan_fast_light21,,FALSE,FALSE,FALSE,FALSE,FALSE,FALSE,FALSE,FALSE,FALSE
126,29664,2102,(S)MoanFastLight22,,studio/com_ax_mmd_opennsfw-moanpack[f]-rain_va_/moans[f]_[rain_va_]/bundle.unity3d,moan_fast_light22,,FALSE,FALSE,FALSE,FALSE,FALSE,FALSE,FALSE,FALSE,FALSE
127,29664,2102,(S)MoanFastLight23,,studio/com_ax_mmd_opennsfw-moanpack[f]-rain_va_/moans[f]_[rain_va_]/bundle.unity3d,moan_fast_light23,,FALSE,FALSE,FALSE,FALSE,FALSE,FALSE,FALSE,FALSE,FALSE
128,29664,2102,(S)MoanFastLight24,,studio/com_ax_mmd_opennsfw-moanpack[f]-rain_va_/moans[f]_[rain_va_]/bundle.unity3d,moan_fast_light24,,FALSE,FALSE,FALSE,FALSE,FALSE,FALSE,FALSE,FALSE,FALSE
129,29664,2102,(S)MoanFastLight25,,studio/com_ax_mmd_opennsfw-moanpack[f]-rain_va_/moans[f]_[rain_va_]/bundle.unity3d,moan_fast_light25,,FALSE,FALSE,FALSE,FALSE,FALSE,FALSE,FALSE,FALSE,FALSE
130,29664,2102,(S)MoanFastLight26,,studio/com_ax_mmd_opennsfw-moanpack[f]-rain_va_/moans[f]_[rain_va_]/bundle.unity3d,moan_fast_light26,,FALSE,FALSE,FALSE,FALSE,FALSE,FALSE,FALSE,FALSE,FALSE
131,29664,2102,(S)MoanFastLight27,,studio/com_ax_mmd_opennsfw-moanpack[f]-rain_va_/moans[f]_[rain_va_]/bundle.unity3d,moan_fast_light27,,FALSE,FALSE,FALSE,FALSE,FALSE,FALSE,FALSE,FALSE,FALSE
132,29664,2102,(S)MoanFastLight28,,studio/com_ax_mmd_opennsfw-moanpack[f]-rain_va_/moans[f]_[rain_va_]/bundle.unity3d,moan_fast_light28,,FALSE,FALSE,FALSE,FALSE,FALSE,FALSE,FALSE,FALSE,FALSE
133,29664,2102,MoanSlowFull,,studio/com_ax_mmd_opennsfw-moanpack[f]-rain_va_/moans[f]_[rain_va_]/bundle.unity3d,moan_slow_full,,FALSE,FALSE,FALSE,FALSE,FALSE,FALSE,FALSE,FALSE,FALSE
134,29664,2102,(S)MoanSlow01,,studio/com_ax_mmd_opennsfw-moanpack[f]-rain_va_/moans[f]_[rain_va_]/bundle.unity3d,moan_slow01,,FALSE,FALSE,FALSE,FALSE,FALSE,FALSE,FALSE,FALSE,FALSE
135,29664,2102,(S)MoanSlow02,,studio/com_ax_mmd_opennsfw-moanpack[f]-rain_va_/moans[f]_[rain_va_]/bundle.unity3d,moan_slow02,,FALSE,FALSE,FALSE,FALSE,FALSE,FALSE,FALSE,FALSE,FALSE
136,29664,2102,(S)MoanSlow03,,studio/com_ax_mmd_opennsfw-moanpack[f]-rain_va_/moans[f]_[rain_va_]/bundle.unity3d,moan_slow03,,FALSE,FALSE,FALSE,FALSE,FALSE,FALSE,FALSE,FALSE,FALSE
137,29664,2102,(S)MoanSlow04,,studio/com_ax_mmd_opennsfw-moanpack[f]-rain_va_/moans[f]_[rain_va_]/bundle.unity3d,moan_slow04,,FALSE,FALSE,FALSE,FALSE,FALSE,FALSE,FALSE,FALSE,FALSE
138,29664,2102,(S)MoanSlow05,,studio/com_ax_mmd_opennsfw-moanpack[f]-rain_va_/moans[f]_[rain_va_]/bundle.unity3d,moan_slow05,,FALSE,FALSE,FALSE,FALSE,FALSE,FALSE,FALSE,FALSE,FALSE
139,29664,2102,(S)MoanSlow06,,studio/com_ax_mmd_opennsfw-moanpack[f]-rain_va_/moans[f]_[rain_va_]/bundle.unity3d,moan_slow06,,FALSE,FALSE,FALSE,FALSE,FALSE,FALSE,FALSE,FALSE,FALSE
140,29664,2102,(S)MoanSlow07,,studio/com_ax_mmd_opennsfw-moanpack[f]-rain_va_/moans[f]_[rain_va_]/bundle.unity3d,moan_slow07,,FALSE,FALSE,FALSE,FALSE,FALSE,FALSE,FALSE,FALSE,FALSE
141,29664,2102,(S)MoanSlow08,,studio/com_ax_mmd_opennsfw-moanpack[f]-rain_va_/moans[f]_[rain_va_]/bundle.unity3d,moan_slow08,,FALSE,FALSE,FALSE,FALSE,FALSE,FALSE,FALSE,FALSE,FALSE
142,29664,2102,(S)MoanSlow09,,studio/com_ax_mmd_opennsfw-moanpack[f]-rain_va_/moans[f]_[rain_va_]/bundle.unity3d,moan_slow09,,FALSE,FALSE,FALSE,FALSE,FALSE,FALSE,FALSE,FALSE,FALSE
143,29664,2102,(S)MoanSlow10,,studio/com_ax_mmd_opennsfw-moanpack[f]-rain_va_/moans[f]_[rain_va_]/bundle.unity3d,moan_slow10,,FALSE,FALSE,FALSE,FALSE,FALSE,FALSE,FALSE,FALSE,FALSE
144,29664,2102,(S)MoanSlow11,,studio/com_ax_mmd_opennsfw-moanpack[f]-rain_va_/moans[f]_[rain_va_]/bundle.unity3d,moan_slow11,,FALSE,FALSE,FALSE,FALSE,FALSE,FALSE,FALSE,FALSE,FALSE
145,29664,2102,(S)MoanSlow12,,studio/com_ax_mmd_opennsfw-moanpack[f]-rain_va_/moans[f]_[rain_va_]/bundle.unity3d,moan_slow12,,FALSE,FALSE,FALSE,FALSE,FALSE,FALSE,FALSE,FALSE,FALSE
146,29664,2102,(S)MoanSlow13,,studio/com_ax_mmd_opennsfw-moanpack[f]-rain_va_/moans[f]_[rain_va_]/bundle.unity3d,moan_slow13,,FALSE,FALSE,FALSE,FALSE,FALSE,FALSE,FALSE,FALSE,FALSE
147,29664,2102,(S)MoanSlow14,,studio/com_ax_mmd_opennsfw-moanpack[f]-rain_va_/moans[f]_[rain_va_]/bundle.unity3d,moan_slow14,,FALSE,FALSE,FALSE,FALSE,FALSE,FALSE,FALSE,FALSE,FALSE
148,29664,2102,MoanSlowDarkFull,,studio/com_ax_mmd_opennsfw-moanpack[f]-rain_va_/moans[f]_[rain_va_]/bundle.unity3d,moan_slow_dark_full,,FALSE,FALSE,FALSE,FALSE,FALSE,FALSE,FALSE,FALSE,FALSE
149,29664,2102,(S)MoanSlowDark01,,studio/com_ax_mmd_opennsfw-moanpack[f]-rain_va_/moans[f]_[rain_va_]/bundle.unity3d,moan_slow_dark01,,FALSE,FALSE,FALSE,FALSE,FALSE,FALSE,FALSE,FALSE,FALSE
150,29664,2102,(S)MoanSlowDark02,,studio/com_ax_mmd_opennsfw-moanpack[f]-rain_va_/moans[f]_[rain_va_]/bundle.unity3d,moan_slow_dark02,,FALSE,FALSE,FALSE,FALSE,FALSE,FALSE,FALSE,FALSE,FALSE
151,29664,2102,(S)MoanSlowDark03,,studio/com_ax_mmd_opennsfw-moanpack[f]-rain_va_/moans[f]_[rain_va_]/bundle.unity3d,moan_slow_dark03,,FALSE,FALSE,FALSE,FALSE,FALSE,FALSE,FALSE,FALSE,FALSE
152,29664,2102,(S)MoanSlowDark04,,studio/com_ax_mmd_opennsfw-moanpack[f]-rain_va_/moans[f]_[rain_va_]/bundle.unity3d,moan_slow_dark04,,FALSE,FALSE,FALSE,FALSE,FALSE,FALSE,FALSE,FALSE,FALSE
153,29664,2102,(S)MoanSlowDark05,,studio/com_ax_mmd_opennsfw-moanpack[f]-rain_va_/moans[f]_[rain_va_]/bundle.unity3d,moan_slow_dark05,,FALSE,FALSE,FALSE,FALSE,FALSE,FALSE,FALSE,FALSE,FALSE
154,29664,2102,(S)MoanSlowDark06,,studio/com_ax_mmd_opennsfw-moanpack[f]-rain_va_/moans[f]_[rain_va_]/bundle.unity3d,moan_slow_dark06,,FALSE,FALSE,FALSE,FALSE,FALSE,FALSE,FALSE,FALSE,FALSE
155,29664,2102,(S)MoanSlowDark07,,studio/com_ax_mmd_opennsfw-moanpack[f]-rain_va_/moans[f]_[rain_va_]/bundle.unity3d,moan_slow_dark07,,FALSE,FALSE,FALSE,FALSE,FALSE,FALSE,FALSE,FALSE,FALSE
156,29664,2102,(S)MoanSlowDark08,,studio/com_ax_mmd_opennsfw-moanpack[f]-rain_va_/moans[f]_[rain_va_]/bundle.unity3d,moan_slow_dark08,,FALSE,FALSE,FALSE,FALSE,FALSE,FALSE,FALSE,FALSE,FALSE
157,29664,2102,(S)MoanSlowDark09,,studio/com_ax_mmd_opennsfw-moanpack[f]-rain_va_/moans[f]_[rain_va_]/bundle.unity3d,moan_slow_dark09,,FALSE,FALSE,FALSE,FALSE,FALSE,FALSE,FALSE,FALSE,FALSE
158,29664,2102,(S)MoanSlowDark10,,studio/com_ax_mmd_opennsfw-moanpack[f]-rain_va_/moans[f]_[rain_va_]/bundle.unity3d,moan_slow_dark10,,FALSE,FALSE,FALSE,FALSE,FALSE,FALSE,FALSE,FALSE,FALSE
159,29664,2102,(S)MoanSlowDark11,,studio/com_ax_mmd_opennsfw-moanpack[f]-rain_va_/moans[f]_[rain_va_]/bundle.unity3d,moan_slow_dark11,,FALSE,FALSE,FALSE,FALSE,FALSE,FALSE,FALSE,FALSE,FALSE
160,29664,2102,(S)MoanSlowDark12,,studio/com_ax_mmd_opennsfw-moanpack[f]-rain_va_/moans[f]_[rain_va_]/bundle.unity3d,moan_slow_dark12,,FALSE,FALSE,FALSE,FALSE,FALSE,FALSE,FALSE,FALSE,FALSE
161,29664,2102,(S)MoanSlowDark13,,studio/com_ax_mmd_opennsfw-moanpack[f]-rain_va_/moans[f]_[rain_va_]/bundle.unity3d,moan_slow_dark13,,FALSE,FALSE,FALSE,FALSE,FALSE,FALSE,FALSE,FALSE,FALSE
162,29664,2102,(S)MoanSlowDark14,,studio/com_ax_mmd_opennsfw-moanpack[f]-rain_va_/moans[f]_[rain_va_]/bundle.unity3d,moan_slow_dark14,,FALSE,FALSE,FALSE,FALSE,FALSE,FALSE,FALSE,FALSE,FALSE
163,29664,2102,(S)MoanSlowDark15,,studio/com_ax_mmd_opennsfw-moanpack[f]-rain_va_/moans[f]_[rain_va_]/bundle.unity3d,moan_slow_dark15,,FALSE,FALSE,FALSE,FALSE,FALSE,FALSE,FALSE,FALSE,FALSE
164,29664,2102,(S)MoanSlowDark16,,studio/com_ax_mmd_opennsfw-moanpack[f]-rain_va_/moans[f]_[rain_va_]/bundle.unity3d,moan_slow_dark16,,FALSE,FALSE,FALSE,FALSE,FALSE,FALSE,FALSE,FALSE,FALSE
165,29664,2102,MoanSlowLightFull,,studio/com_ax_mmd_opennsfw-moanpack[f]-rain_va_/moans[f]_[rain_va_]/bundle.unity3d,moan_slow_light_full,,FALSE,FALSE,FALSE,FALSE,FALSE,FALSE,FALSE,FALSE,FALSE
166,29664,2102,(S)MoanSlowLight01,,studio/com_ax_mmd_opennsfw-moanpack[f]-rain_va_/moans[f]_[rain_va_]/bundle.unity3d,moan_slow_light01,,FALSE,FALSE,FALSE,FALSE,FALSE,FALSE,FALSE,FALSE,FALSE
167,29664,2102,(S)MoanSlowLight02,,studio/com_ax_mmd_opennsfw-moanpack[f]-rain_va_/moans[f]_[rain_va_]/bundle.unity3d,moan_slow_light02,,FALSE,FALSE,FALSE,FALSE,FALSE,FALSE,FALSE,FALSE,FALSE
168,29664,2102,(S)MoanSlowLight03,,studio/com_ax_mmd_opennsfw-moanpack[f]-rain_va_/moans[f]_[rain_va_]/bundle.unity3d,moan_slow_light03,,FALSE,FALSE,FALSE,FALSE,FALSE,FALSE,FALSE,FALSE,FALSE
169,29664,2102,(S)MoanSlowLight04,,studio/com_ax_mmd_opennsfw-moanpack[f]-rain_va_/moans[f]_[rain_va_]/bundle.unity3d,moan_slow_light04,,FALSE,FALSE,FALSE,FALSE,FALSE,FALSE,FALSE,FALSE,FALSE
170,29664,2102,(S)MoanSlowLight05,,studio/com_ax_mmd_opennsfw-moanpack[f]-rain_va_/moans[f]_[rain_va_]/bundle.unity3d,moan_slow_light05,,FALSE,FALSE,FALSE,FALSE,FALSE,FALSE,FALSE,FALSE,FALSE
171,29664,2102,(S)MoanSlowLight06,,studio/com_ax_mmd_opennsfw-moanpack[f]-rain_va_/moans[f]_[rain_va_]/bundle.unity3d,moan_slow_light06,,FALSE,FALSE,FALSE,FALSE,FALSE,FALSE,FALSE,FALSE,FALSE
172,29664,2102,(S)MoanSlowLight07,,studio/com_ax_mmd_opennsfw-moanpack[f]-rain_va_/moans[f]_[rain_va_]/bundle.unity3d,moan_slow_light07,,FALSE,FALSE,FALSE,FALSE,FALSE,FALSE,FALSE,FALSE,FALSE
173,29664,2102,(S)MoanSlowLight08,,studio/com_ax_mmd_opennsfw-moanpack[f]-rain_va_/moans[f]_[rain_va_]/bundle.unity3d,moan_slow_light08,,FALSE,FALSE,FALSE,FALSE,FALSE,FALSE,FALSE,FALSE,FALSE
174,29664,2102,(S)MoanSlowLight09,,studio/com_ax_mmd_opennsfw-moanpack[f]-rain_va_/moans[f]_[rain_va_]/bundle.unity3d,moan_slow_light09,,FALSE,FALSE,FALSE,FALSE,FALSE,FALSE,FALSE,FALSE,FALSE
175,29664,2102,(S)MoanSlowLight10,,studio/com_ax_mmd_opennsfw-moanpack[f]-rain_va_/moans[f]_[rain_va_]/bundle.unity3d,moan_slow_light10,,FALSE,FALSE,FALSE,FALSE,FALSE,FALSE,FALSE,FALSE,FALSE
176,29664,2102,(S)MoanSlowLight11,,studio/com_ax_mmd_opennsfw-moanpack[f]-rain_va_/moans[f]_[rain_va_]/bundle.unity3d,moan_slow_light11,,FALSE,FALSE,FALSE,FALSE,FALSE,FALSE,FALSE,FALSE,FALSE
177,29664,2102,(S)MoanSlowLight12,,studio/com_ax_mmd_opennsfw-moanpack[f]-rain_va_/moans[f]_[rain_va_]/bundle.unity3d,moan_slow_light12,,FALSE,FALSE,FALSE,FALSE,FALSE,FALSE,FALSE,FALSE,FALSE
178,29664,2102,(S)MoanSlowLight13,,studio/com_ax_mmd_opennsfw-moanpack[f]-rain_va_/moans[f]_[rain_va_]/bundle.unity3d,moan_slow_light13,,FALSE,FALSE,FALSE,FALSE,FALSE,FALSE,FALSE,FALSE,FALSE
179,29664,2102,(S)MoanSlowLight14,,studio/com_ax_mmd_opennsfw-moanpack[f]-rain_va_/moans[f]_[rain_va_]/bundle.unity3d,moan_slow_light14,,FALSE,FALSE,FALSE,FALSE,FALSE,FALSE,FALSE,FALSE,FALSE
180,29664,2102,(S)MoanSlowLight15,,studio/com_ax_mmd_opennsfw-moanpack[f]-rain_va_/moans[f]_[rain_va_]/bundle.unity3d,moan_slow_light15,,FALSE,FALSE,FALSE,FALSE,FALSE,FALSE,FALSE,FALSE,FALSE
181,29664,2102,(S)MoanSlowLight16,,studio/com_ax_mmd_opennsfw-moanpack[f]-rain_va_/moans[f]_[rain_va_]/bundle.unity3d,moan_slow_light16,,FALSE,FALSE,FALSE,FALSE,FALSE,FALSE,FALSE,FALSE,FALSE
182,29664,2102,(S)MoanSlowLight17,,studio/com_ax_mmd_opennsfw-moanpack[f]-rain_va_/moans[f]_[rain_va_]/bundle.unity3d,moan_slow_light17,,FALSE,FALSE,FALSE,FALSE,FALSE,FALSE,FALSE,FALSE,FALSE
183,29664,2102,(S)MoanSlowLight18,,studio/com_ax_mmd_opennsfw-moanpack[f]-rain_va_/moans[f]_[rain_va_]/bundle.unity3d,moan_slow_light18,,FALSE,FALSE,FALSE,FALSE,FALSE,FALSE,FALSE,FALSE,FALSE
184,29664,2102,(S)MoanSlowLight19,,studio/com_ax_mmd_opennsfw-moanpack[f]-rain_va_/moans[f]_[rain_va_]/bundle.unity3d,moan_slow_light19,,FALSE,FALSE,FALSE,FALSE,FALSE,FALSE,FALSE,FALSE,FALSE
185,29664,2102,(S)MoanSlowLight20,,studio/com_ax_mmd_opennsfw-moanpack[f]-rain_va_/moans[f]_[rain_va_]/bundle.unity3d,moan_slow_light20,,FALSE,FALSE,FALSE,FALSE,FALSE,FALSE,FALSE,FALSE,FALSE
186,29664,2102,MoanSoftFull,,studio/com_ax_mmd_opennsfw-moanpack[f]-rain_va_/moans[f]_[rain_va_]/bundle.unity3d,moan_soft_full,,FALSE,FALSE,FALSE,FALSE,FALSE,FALSE,FALSE,FALSE,FALSE
187,29664,2102,(S)MoanSoft01,,studio/com_ax_mmd_opennsfw-moanpack[f]-rain_va_/moans[f]_[rain_va_]/bundle.unity3d,moan_soft01,,FALSE,FALSE,FALSE,FALSE,FALSE,FALSE,FALSE,FALSE,FALSE
188,29664,2102,(S)MoanSoft02,,studio/com_ax_mmd_opennsfw-moanpack[f]-rain_va_/moans[f]_[rain_va_]/bundle.unity3d,moan_soft02,,FALSE,FALSE,FALSE,FALSE,FALSE,FALSE,FALSE,FALSE,FALSE
189,29664,2102,(S)MoanSoft03,,studio/com_ax_mmd_opennsfw-moanpack[f]-rain_va_/moans[f]_[rain_va_]/bundle.unity3d,moan_soft03,,FALSE,FALSE,FALSE,FALSE,FALSE,FALSE,FALSE,FALSE,FALSE
190,29664,2102,(S)MoanSoft04,,studio/com_ax_mmd_opennsfw-moanpack[f]-rain_va_/moans[f]_[rain_va_]/bundle.unity3d,moan_soft04,,FALSE,FALSE,FALSE,FALSE,FALSE,FALSE,FALSE,FALSE,FALSE
191,29664,2102,(S)MoanSoft05,,studio/com_ax_mmd_opennsfw-moanpack[f]-rain_va_/moans[f]_[rain_va_]/bundle.unity3d,moan_soft05,,FALSE,FALSE,FALSE,FALSE,FALSE,FALSE,FALSE,FALSE,FALSE
192,29664,2102,(S)MoanSoft06,,studio/com_ax_mmd_opennsfw-moanpack[f]-rain_va_/moans[f]_[rain_va_]/bundle.unity3d,moan_soft06,,FALSE,FALSE,FALSE,FALSE,FALSE,FALSE,FALSE,FALSE,FALSE
193,29664,2102,(S)MoanSoft07,,studio/com_ax_mmd_opennsfw-moanpack[f]-rain_va_/moans[f]_[rain_va_]/bundle.unity3d,moan_soft07,,FALSE,FALSE,FALSE,FALSE,FALSE,FALSE,FALSE,FALSE,FALSE
194,29664,2102,(S)MoanSoft08,,studio/com_ax_mmd_opennsfw-moanpack[f]-rain_va_/moans[f]_[rain_va_]/bundle.unity3d,moan_soft08,,FALSE,FALSE,FALSE,FALSE,FALSE,FALSE,FALSE,FALSE,FALSE
195,29664,2102,(S)MoanSoft09,,studio/com_ax_mmd_opennsfw-moanpack[f]-rain_va_/moans[f]_[rain_va_]/bundle.unity3d,moan_soft09,,FALSE,FALSE,FALSE,FALSE,FALSE,FALSE,FALSE,FALSE,FALSE
196,29664,2102,(S)MoanSoft10,,studio/com_ax_mmd_opennsfw-moanpack[f]-rain_va_/moans[f]_[rain_va_]/bundle.unity3d,moan_soft10,,FALSE,FALSE,FALSE,FALSE,FALSE,FALSE,FALSE,FALSE,FALSE
197,29664,2102,(S)MoanSoft11,,studio/com_ax_mmd_opennsfw-moanpack[f]-rain_va_/moans[f]_[rain_va_]/bundle.unity3d,moan_soft11,,FALSE,FALSE,FALSE,FALSE,FALSE,FALSE,FALSE,FALSE,FALSE
198,29664,2102,(S)MoanSoft12,,studio/com_ax_mmd_opennsfw-moanpack[f]-rain_va_/moans[f]_[rain_va_]/bundle.unity3d,moan_soft12,,FALSE,FALSE,FALSE,FALSE,FALSE,FALSE,FALSE,FALSE,FALSE
199,29664,2102,(S)MoanSoft13,,studio/com_ax_mmd_opennsfw-moanpack[f]-rain_va_/moans[f]_[rain_va_]/bundle.unity3d,moan_soft13,,FALSE,FALSE,FALSE,FALSE,FALSE,FALSE,FALSE,FALSE,FALSE
200,29664,2102,(S)MoanSoft14,,studio/com_ax_mmd_opennsfw-moanpack[f]-rain_va_/moans[f]_[rain_va_]/bundle.unity3d,moan_soft14,,FALSE,FALSE,FALSE,FALSE,FALSE,FALSE,FALSE,FALSE,FALSE
201,29664,2102,(S)MoanSoft15,,studio/com_ax_mmd_opennsfw-moanpack[f]-rain_va_/moans[f]_[rain_va_]/bundle.unity3d,moan_soft15,,FALSE,FALSE,FALSE,FALSE,FALSE,FALSE,FALSE,FALSE,FALSE
202,29664,2102,(S)MoanSoft16,,studio/com_ax_mmd_opennsfw-moanpack[f]-rain_va_/moans[f]_[rain_va_]/bundle.unity3d,moan_soft16,,FALSE,FALSE,FALSE,FALSE,FALSE,FALSE,FALSE,FALSE,FALSE
203,29664,2102,(S)MoanSoft17,,studio/com_ax_mmd_opennsfw-moanpack[f]-rain_va_/moans[f]_[rain_va_]/bundle.unity3d,moan_soft17,,FALSE,FALSE,FALSE,FALSE,FALSE,FALSE,FALSE,FALSE,FALSE
204,29664,2102,(S)MoanSoft18,,studio/com_ax_mmd_opennsfw-moanpack[f]-rain_va_/moans[f]_[rain_va_]/bundle.unity3d,moan_soft18,,FALSE,FALSE,FALSE,FALSE,FALSE,FALSE,FALSE,FALSE,FALSE
205,29664,2102,(S)MoanSoft19,,studio/com_ax_mmd_opennsfw-moanpack[f]-rain_va_/moans[f]_[rain_va_]/bundle.unity3d,moan_soft19,,FALSE,FALSE,FALSE,FALSE,FALSE,FALSE,FALSE,FALSE,FALSE
206,29664,2102,(S)MoanSoft20,,studio/com_ax_mmd_opennsfw-moanpack[f]-rain_va_/moans[f]_[rain_va_]/bundle.unity3d,moan_soft20,,FALSE,FALSE,FALSE,FALSE,FALSE,FALSE,FALSE,FALSE,FALSE
207,29664,2102,(S)MoanSoft21,,studio/com_ax_mmd_opennsfw-moanpack[f]-rain_va_/moans[f]_[rain_va_]/bundle.unity3d,moan_soft21,,FALSE,FALSE,FALSE,FALSE,FALSE,FALSE,FALSE,FALSE,FALSE
208,29664,2102,(S)MoanSoft22,,studio/com_ax_mmd_opennsfw-moanpack[f]-rain_va_/moans[f]_[rain_va_]/bundle.unity3d,moan_soft22,,FALSE,FALSE,FALSE,FALSE,FALSE,FALSE,FALSE,FALSE,FALSE
209,29664,2102,(S)MoanSoft23,,studio/com_ax_mmd_opennsfw-moanpack[f]-rain_va_/moans[f]_[rain_va_]/bundle.unity3d,moan_soft23,,FALSE,FALSE,FALSE,FALSE,FALSE,FALSE,FALSE,FALSE,FALSE
210,29664,2102,(S)MoanSoft24,,studio/com_ax_mmd_opennsfw-moanpack[f]-rain_va_/moans[f]_[rain_va_]/bundle.unity3d,moan_soft24,,FALSE,FALSE,FALSE,FALSE,FALSE,FALSE,FALSE,FALSE,FALSE
211,29664,2102,(S)MoanSoft25,,studio/com_ax_mmd_opennsfw-moanpack[f]-rain_va_/moans[f]_[rain_va_]/bundle.unity3d,moan_soft25,,FALSE,FALSE,FALSE,FALSE,FALSE,FALSE,FALSE,FALSE,FALSE
212,29664,2102,(S)MoanSoft26,,studio/com_ax_mmd_opennsfw-moanpack[f]-rain_va_/moans[f]_[rain_va_]/bundle.unity3d,moan_soft26,,FALSE,FALSE,FALSE,FALSE,FALSE,FALSE,FALSE,FALSE,FALSE
213,29664,2102,(S)MoanSoft27,,studio/com_ax_mmd_opennsfw-moanpack[f]-rain_va_/moans[f]_[rain_va_]/bundle.unity3d,moan_soft27,,FALSE,FALSE,FALSE,FALSE,FALSE,FALSE,FALSE,FALSE,FALSE
214,29664,2102,(S)MoanSoft28,,studio/com_ax_mmd_opennsfw-moanpack[f]-rain_va_/moans[f]_[rain_va_]/bundle.unity3d,moan_soft28,,FALSE,FALSE,FALSE,FALSE,FALSE,FALSE,FALSE,FALSE,FALSE
215,29664,2102,(S)MoanSoft29,,studio/com_ax_mmd_opennsfw-moanpack[f]-rain_va_/moans[f]_[rain_va_]/bundle.unity3d,moan_soft29,,FALSE,FALSE,FALSE,FALSE,FALSE,FALSE,FALSE,FALSE,FALSE
216,29664,2102,(S)MoanSoft30,,studio/com_ax_mmd_opennsfw-moanpack[f]-rain_va_/moans[f]_[rain_va_]/bundle.unity3d,moan_soft30,,FALSE,FALSE,FALSE,FALSE,FALSE,FALSE,FALSE,FALSE,FALSE
217,29664,2102,(S)MoanSoft31,,studio/com_ax_mmd_opennsfw-moanpack[f]-rain_va_/moans[f]_[rain_va_]/bundle.unity3d,moan_soft31,,FALSE,FALSE,FALSE,FALSE,FALSE,FALSE,FALSE,FALSE,FALSE
218,29664,2102,(S)MoanSoft32,,studio/com_ax_mmd_opennsfw-moanpack[f]-rain_va_/moans[f]_[rain_va_]/bundle.unity3d,moan_soft32,,FALSE,FALSE,FALSE,FALSE,FALSE,FALSE,FALSE,FALSE,FALSE
219,29664,2102,MoanSoftDarkFull,,studio/com_ax_mmd_opennsfw-moanpack[f]-rain_va_/moans[f]_[rain_va_]/bundle.unity3d,moan_soft_dark_full,,FALSE,FALSE,FALSE,FALSE,FALSE,FALSE,FALSE,FALSE,FALSE
220,29664,2102,(S)MoanSoftDark01,,studio/com_ax_mmd_opennsfw-moanpack[f]-rain_va_/moans[f]_[rain_va_]/bundle.unity3d,moan_soft_dark01,,FALSE,FALSE,FALSE,FALSE,FALSE,FALSE,FALSE,FALSE,FALSE
221,29664,2102,(S)MoanSoftDark02,,studio/com_ax_mmd_opennsfw-moanpack[f]-rain_va_/moans[f]_[rain_va_]/bundle.unity3d,moan_soft_dark02,,FALSE,FALSE,FALSE,FALSE,FALSE,FALSE,FALSE,FALSE,FALSE
222,29664,2102,(S)MoanSoftDark03,,studio/com_ax_mmd_opennsfw-moanpack[f]-rain_va_/moans[f]_[rain_va_]/bundle.unity3d,moan_soft_dark03,,FALSE,FALSE,FALSE,FALSE,FALSE,FALSE,FALSE,FALSE,FALSE
223,29664,2102,(S)MoanSoftDark04,,studio/com_ax_mmd_opennsfw-moanpack[f]-rain_va_/moans[f]_[rain_va_]/bundle.unity3d,moan_soft_dark04,,FALSE,FALSE,FALSE,FALSE,FALSE,FALSE,FALSE,FALSE,FALSE
224,29664,2102,(S)MoanSoftDark05,,studio/com_ax_mmd_opennsfw-moanpack[f]-rain_va_/moans[f]_[rain_va_]/bundle.unity3d,moan_soft_dark05,,FALSE,FALSE,FALSE,FALSE,FALSE,FALSE,FALSE,FALSE,FALSE
225,29664,2102,(S)MoanSoftDark06,,studio/com_ax_mmd_opennsfw-moanpack[f]-rain_va_/moans[f]_[rain_va_]/bundle.unity3d,moan_soft_dark06,,FALSE,FALSE,FALSE,FALSE,FALSE,FALSE,FALSE,FALSE,FALSE
226,29664,2102,(S)MoanSoftDark07,,studio/com_ax_mmd_opennsfw-moanpack[f]-rain_va_/moans[f]_[rain_va_]/bundle.unity3d,moan_soft_dark07,,FALSE,FALSE,FALSE,FALSE,FALSE,FALSE,FALSE,FALSE,FALSE
227,29664,2102,(S)MoanSoftDark08,,studio/com_ax_mmd_opennsfw-moanpack[f]-rain_va_/moans[f]_[rain_va_]/bundle.unity3d,moan_soft_dark08,,FALSE,FALSE,FALSE,FALSE,FALSE,FALSE,FALSE,FALSE,FALSE
228,29664,2102,(S)MoanSoftDark09,,studio/com_ax_mmd_opennsfw-moanpack[f]-rain_va_/moans[f]_[rain_va_]/bundle.unity3d,moan_soft_dark09,,FALSE,FALSE,FALSE,FALSE,FALSE,FALSE,FALSE,FALSE,FALSE
229,29664,2102,(S)MoanSoftDark10,,studio/com_ax_mmd_opennsfw-moanpack[f]-rain_va_/moans[f]_[rain_va_]/bundle.unity3d,moan_soft_dark10,,FALSE,FALSE,FALSE,FALSE,FALSE,FALSE,FALSE,FALSE,FALSE
230,29664,2102,(S)MoanSoftDark11,,studio/com_ax_mmd_opennsfw-moanpack[f]-rain_va_/moans[f]_[rain_va_]/bundle.unity3d,moan_soft_dark11,,FALSE,FALSE,FALSE,FALSE,FALSE,FALSE,FALSE,FALSE,FALSE
231,29664,2102,(S)MoanSoftDark12,,studio/com_ax_mmd_opennsfw-moanpack[f]-rain_va_/moans[f]_[rain_va_]/bundle.unity3d,moan_soft_dark12,,FALSE,FALSE,FALSE,FALSE,FALSE,FALSE,FALSE,FALSE,FALSE
232,29664,2102,(S)MoanSoftDark13,,studio/com_ax_mmd_opennsfw-moanpack[f]-rain_va_/moans[f]_[rain_va_]/bundle.unity3d,moan_soft_dark13,,FALSE,FALSE,FALSE,FALSE,FALSE,FALSE,FALSE,FALSE,FALSE
233,29664,2102,(S)MoanSoftDark14,,studio/com_ax_mmd_opennsfw-moanpack[f]-rain_va_/moans[f]_[rain_va_]/bundle.unity3d,moan_soft_dark14,,FALSE,FALSE,FALSE,FALSE,FALSE,FALSE,FALSE,FALSE,FALSE
234,29664,2102,(S)MoanSoftDark15,,studio/com_ax_mmd_opennsfw-moanpack[f]-rain_va_/moans[f]_[rain_va_]/bundle.unity3d,moan_soft_dark15,,FALSE,FALSE,FALSE,FALSE,FALSE,FALSE,FALSE,FALSE,FALSE
235,29664,2102,(S)MoanSoftDark16,,studio/com_ax_mmd_opennsfw-moanpack[f]-rain_va_/moans[f]_[rain_va_]/bundle.unity3d,moan_soft_dark16,,FALSE,FALSE,FALSE,FALSE,FALSE,FALSE,FALSE,FALSE,FALSE
236,29664,2102,(S)MoanSoftDark17,,studio/com_ax_mmd_opennsfw-moanpack[f]-rain_va_/moans[f]_[rain_va_]/bundle.unity3d,moan_soft_dark17,,FALSE,FALSE,FALSE,FALSE,FALSE,FALSE,FALSE,FALSE,FALSE
237,29664,2102,(S)MoanSoftDark18,,studio/com_ax_mmd_opennsfw-moanpack[f]-rain_va_/moans[f]_[rain_va_]/bundle.unity3d,moan_soft_dark18,,FALSE,FALSE,FALSE,FALSE,FALSE,FALSE,FALSE,FALSE,FALSE
238,29664,2102,(S)MoanSoftDark19,,studio/com_ax_mmd_opennsfw-moanpack[f]-rain_va_/moans[f]_[rain_va_]/bundle.unity3d,moan_soft_dark19,,FALSE,FALSE,FALSE,FALSE,FALSE,FALSE,FALSE,FALSE,FALSE
239,29664,2102,(S)MoanSoftDark20,,studio/com_ax_mmd_opennsfw-moanpack[f]-rain_va_/moans[f]_[rain_va_]/bundle.unity3d,moan_soft_dark20,,FALSE,FALSE,FALSE,FALSE,FALSE,FALSE,FALSE,FALSE,FALSE
240,29664,2102,(S)MoanSoftDark21,,studio/com_ax_mmd_opennsfw-moanpack[f]-rain_va_/moans[f]_[rain_va_]/bundle.unity3d,moan_soft_dark21,,FALSE,FALSE,FALSE,FALSE,FALSE,FALSE,FALSE,FALSE,FALSE
241,29664,2102,(S)MoanSoftDark22,,studio/com_ax_mmd_opennsfw-moanpack[f]-rain_va_/moans[f]_[rain_va_]/bundle.unity3d,moan_soft_dark22,,FALSE,FALSE,FALSE,FALSE,FALSE,FALSE,FALSE,FALSE,FALSE
242,29664,2102,(S)MoanSoftDark23,,studio/com_ax_mmd_opennsfw-moanpack[f]-rain_va_/moans[f]_[rain_va_]/bundle.unity3d,moan_soft_dark23,,FALSE,FALSE,FALSE,FALSE,FALSE,FALSE,FALSE,FALSE,FALSE
243,29664,2102,(S)MoanSoftDark24,,studio/com_ax_mmd_opennsfw-moanpack[f]-rain_va_/moans[f]_[rain_va_]/bundle.unity3d,moan_soft_dark24,,FALSE,FALSE,FALSE,FALSE,FALSE,FALSE,FALSE,FALSE,FALSE
244,29664,2102,(S)MoanSoftDark25,,studio/com_ax_mmd_opennsfw-moanpack[f]-rain_va_/moans[f]_[rain_va_]/bundle.unity3d,moan_soft_dark25,,FALSE,FALSE,FALSE,FALSE,FALSE,FALSE,FALSE,FALSE,FALSE
245,29664,2102,(S)MoanSoftDark26,,studio/com_ax_mmd_opennsfw-moanpack[f]-rain_va_/moans[f]_[rain_va_]/bundle.unity3d,moan_soft_dark26,,FALSE,FALSE,FALSE,FALSE,FALSE,FALSE,FALSE,FALSE,FALSE
246,29664,2102,(S)MoanSoftDark27,,studio/com_ax_mmd_opennsfw-moanpack[f]-rain_va_/moans[f]_[rain_va_]/bundle.unity3d,moan_soft_dark27,,FALSE,FALSE,FALSE,FALSE,FALSE,FALSE,FALSE,FALSE,FALSE
247,29664,2102,(S)MoanSoftDark28,,studio/com_ax_mmd_opennsfw-moanpack[f]-rain_va_/moans[f]_[rain_va_]/bundle.unity3d,moan_soft_dark28,,FALSE,FALSE,FALSE,FALSE,FALSE,FALSE,FALSE,FALSE,FALSE
248,29664,2102,(S)MoanSoftDark29,,studio/com_ax_mmd_opennsfw-moanpack[f]-rain_va_/moans[f]_[rain_va_]/bundle.unity3d,moan_soft_dark29,,FALSE,FALSE,FALSE,FALSE,FALSE,FALSE,FALSE,FALSE,FALSE
249,29664,2102,(S)MoanSoftDark30,,studio/com_ax_mmd_opennsfw-moanpack[f]-rain_va_/moans[f]_[rain_va_]/bundle.unity3d,moan_soft_dark30,,FALSE,FALSE,FALSE,FALSE,FALSE,FALSE,FALSE,FALSE,FALSE
250,29664,2102,(S)MoanSoftDark31,,studio/com_ax_mmd_opennsfw-moanpack[f]-rain_va_/moans[f]_[rain_va_]/bundle.unity3d,moan_soft_dark31,,FALSE,FALSE,FALSE,FALSE,FALSE,FALSE,FALSE,FALSE,FALSE
251,29664,2102,(S)MoanSoftDark32,,studio/com_ax_mmd_opennsfw-moanpack[f]-rain_va_/moans[f]_[rain_va_]/bundle.unity3d,moan_soft_dark32,,FALSE,FALSE,FALSE,FALSE,FALSE,FALSE,FALSE,FALSE,FALSE
252,29664,2102,MoanSoftLightFull,,studio/com_ax_mmd_opennsfw-moanpack[f]-rain_va_/moans[f]_[rain_va_]/bundle.unity3d,moan_soft_light_full,,FALSE,FALSE,FALSE,FALSE,FALSE,FALSE,FALSE,FALSE,FALSE
253,29664,2102,(S)MoanSoftLight01,,studio/com_ax_mmd_opennsfw-moanpack[f]-rain_va_/moans[f]_[rain_va_]/bundle.unity3d,moan_soft_light01,,FALSE,FALSE,FALSE,FALSE,FALSE,FALSE,FALSE,FALSE,FALSE
254,29664,2102,(S)MoanSoftLight02,,studio/com_ax_mmd_opennsfw-moanpack[f]-rain_va_/moans[f]_[rain_va_]/bundle.unity3d,moan_soft_light02,,FALSE,FALSE,FALSE,FALSE,FALSE,FALSE,FALSE,FALSE,FALSE
255,29664,2102,(S)MoanSoftLight03,,studio/com_ax_mmd_opennsfw-moanpack[f]-rain_va_/moans[f]_[rain_va_]/bundle.unity3d,moan_soft_light03,,FALSE,FALSE,FALSE,FALSE,FALSE,FALSE,FALSE,FALSE,FALSE
256,29664,2102,(S)MoanSoftLight04,,studio/com_ax_mmd_opennsfw-moanpack[f]-rain_va_/moans[f]_[rain_va_]/bundle.unity3d,moan_soft_light04,,FALSE,FALSE,FALSE,FALSE,FALSE,FALSE,FALSE,FALSE,FALSE
257,29664,2102,(S)MoanSoftLight05,,studio/com_ax_mmd_opennsfw-moanpack[f]-rain_va_/moans[f]_[rain_va_]/bundle.unity3d,moan_soft_light05,,FALSE,FALSE,FALSE,FALSE,FALSE,FALSE,FALSE,FALSE,FALSE
258,29664,2102,(S)MoanSoftLight06,,studio/com_ax_mmd_opennsfw-moanpack[f]-rain_va_/moans[f]_[rain_va_]/bundle.unity3d,moan_soft_light06,,FALSE,FALSE,FALSE,FALSE,FALSE,FALSE,FALSE,FALSE,FALSE
259,29664,2102,(S)MoanSoftLight07,,studio/com_ax_mmd_opennsfw-moanpack[f]-rain_va_/moans[f]_[rain_va_]/bundle.unity3d,moan_soft_light07,,FALSE,FALSE,FALSE,FALSE,FALSE,FALSE,FALSE,FALSE,FALSE
260,29664,2102,(S)MoanSoftLight08,,studio/com_ax_mmd_opennsfw-moanpack[f]-rain_va_/moans[f]_[rain_va_]/bundle.unity3d,moan_soft_light08,,FALSE,FALSE,FALSE,FALSE,FALSE,FALSE,FALSE,FALSE,FALSE
261,29664,2102,(S)MoanSoftLight09,,studio/com_ax_mmd_opennsfw-moanpack[f]-rain_va_/moans[f]_[rain_va_]/bundle.unity3d,moan_soft_light09,,FALSE,FALSE,FALSE,FALSE,FALSE,FALSE,FALSE,FALSE,FALSE
262,29664,2102,(S)MoanSoftLight10,,studio/com_ax_mmd_opennsfw-moanpack[f]-rain_va_/moans[f]_[rain_va_]/bundle.unity3d,moan_soft_light10,,FALSE,FALSE,FALSE,FALSE,FALSE,FALSE,FALSE,FALSE,FALSE
263,29664,2102,(S)MoanSoftLight11,,studio/com_ax_mmd_opennsfw-moanpack[f]-rain_va_/moans[f]_[rain_va_]/bundle.unity3d,moan_soft_light11,,FALSE,FALSE,FALSE,FALSE,FALSE,FALSE,FALSE,FALSE,FALSE
264,29664,2102,(S)MoanSoftLight12,,studio/com_ax_mmd_opennsfw-moanpack[f]-rain_va_/moans[f]_[rain_va_]/bundle.unity3d,moan_soft_light12,,FALSE,FALSE,FALSE,FALSE,FALSE,FALSE,FALSE,FALSE,FALSE
265,29664,2102,(S)MoanSoftLight13,,studio/com_ax_mmd_opennsfw-moanpack[f]-rain_va_/moans[f]_[rain_va_]/bundle.unity3d,moan_soft_light13,,FALSE,FALSE,FALSE,FALSE,FALSE,FALSE,FALSE,FALSE,FALSE
266,29664,2102,(S)MoanSoftLight14,,studio/com_ax_mmd_opennsfw-moanpack[f]-rain_va_/moans[f]_[rain_va_]/bundle.unity3d,moan_soft_light14,,FALSE,FALSE,FALSE,FALSE,FALSE,FALSE,FALSE,FALSE,FALSE
267,29664,2102,(S)MoanSoftLight15,,studio/com_ax_mmd_opennsfw-moanpack[f]-rain_va_/moans[f]_[rain_va_]/bundle.unity3d,moan_soft_light15,,FALSE,FALSE,FALSE,FALSE,FALSE,FALSE,FALSE,FALSE,FALSE
268,29664,2102,(S)MoanSoftLight16,,studio/com_ax_mmd_opennsfw-moanpack[f]-rain_va_/moans[f]_[rain_va_]/bundle.unity3d,moan_soft_light16,,FALSE,FALSE,FALSE,FALSE,FALSE,FALSE,FALSE,FALSE,FALSE
269,29664,2102,(S)MoanSoftLight17,,studio/com_ax_mmd_opennsfw-moanpack[f]-rain_va_/moans[f]_[rain_va_]/bundle.unity3d,moan_soft_light17,,FALSE,FALSE,FALSE,FALSE,FALSE,FALSE,FALSE,FALSE,FALSE
270,29664,2102,(S)MoanSoftLight18,,studio/com_ax_mmd_opennsfw-moanpack[f]-rain_va_/moans[f]_[rain_va_]/bundle.unity3d,moan_soft_light18,,FALSE,FALSE,FALSE,FALSE,FALSE,FALSE,FALSE,FALSE,FALSE
271,29664,2102,(S)MoanSoftLight19,,studio/com_ax_mmd_opennsfw-moanpack[f]-rain_va_/moans[f]_[rain_va_]/bundle.unity3d,moan_soft_light19,,FALSE,FALSE,FALSE,FALSE,FALSE,FALSE,FALSE,FALSE,FALSE
272,29664,2102,(S)MoanSoftLight20,,studio/com_ax_mmd_opennsfw-moanpack[f]-rain_va_/moans[f]_[rain_va_]/bundle.unity3d,moan_soft_light20,,FALSE,FALSE,FALSE,FALSE,FALSE,FALSE,FALSE,FALSE,FALSE
273,29664,2102,(S)MoanSoftLight21,,studio/com_ax_mmd_opennsfw-moanpack[f]-rain_va_/moans[f]_[rain_va_]/bundle.unity3d,moan_soft_light21,,FALSE,FALSE,FALSE,FALSE,FALSE,FALSE,FALSE,FALSE,FALSE
274,29664,2102,(S)MoanSoftLight22,,studio/com_ax_mmd_opennsfw-moanpack[f]-rain_va_/moans[f]_[rain_va_]/bundle.unity3d,moan_soft_light22,,FALSE,FALSE,FALSE,FALSE,FALSE,FALSE,FALSE,FALSE,FALSE
275,29664,2102,(S)MoanSoftLight23,,studio/com_ax_mmd_opennsfw-moanpack[f]-rain_va_/moans[f]_[rain_va_]/bundle.unity3d,moan_soft_light23,,FALSE,FALSE,FALSE,FALSE,FALSE,FALSE,FALSE,FALSE,FALSE
276,29664,2102,(S)MoanSoftLight24,,studio/com_ax_mmd_opennsfw-moanpack[f]-rain_va_/moans[f]_[rain_va_]/bundle.unity3d,moan_soft_light24,,FALSE,FALSE,FALSE,FALSE,FALSE,FALSE,FALSE,FALSE,FALSE
277,29664,2102,(S)MoanSoftLight25,,studio/com_ax_mmd_opennsfw-moanpack[f]-rain_va_/moans[f]_[rain_va_]/bundle.unity3d,moan_soft_light25,,FALSE,FALSE,FALSE,FALSE,FALSE,FALSE,FALSE,FALSE,FALSE
278,29664,2102,(S)MoanSoftLight26,,studio/com_ax_mmd_opennsfw-moanpack[f]-rain_va_/moans[f]_[rain_va_]/bundle.unity3d,moan_soft_light26,,FALSE,FALSE,FALSE,FALSE,FALSE,FALSE,FALSE,FALSE,FALSE
279,29664,2102,(S)MoanSoftLight27,,studio/com_ax_mmd_opennsfw-moanpack[f]-rain_va_/moans[f]_[rain_va_]/bundle.unity3d,moan_soft_light27,,FALSE,FALSE,FALSE,FALSE,FALSE,FALSE,FALSE,FALSE,FALSE
280,29664,2102,(S)MoanSoftLight28,,studio/com_ax_mmd_opennsfw-moanpack[f]-rain_va_/moans[f]_[rain_va_]/bundle.unity3d,moan_soft_light28,,FALSE,FALSE,FALSE,FALSE,FALSE,FALSE,FALSE,FALSE,FALSE
281,29664,2102,(S)MoanSoftLight29,,studio/com_ax_mmd_opennsfw-moanpack[f]-rain_va_/moans[f]_[rain_va_]/bundle.unity3d,moan_soft_light29,,FALSE,FALSE,FALSE,FALSE,FALSE,FALSE,FALSE,FALSE,FALSE
282,29664,2102,(S)MoanSoftLight30,,studio/com_ax_mmd_opennsfw-moanpack[f]-rain_va_/moans[f]_[rain_va_]/bundle.unity3d,moan_soft_light30,,FALSE,FALSE,FALSE,FALSE,FALSE,FALSE,FALSE,FALSE,FALSE
283,29664,2102,(S)MoanSoftLight31,,studio/com_ax_mmd_opennsfw-moanpack[f]-rain_va_/moans[f]_[rain_va_]/bundle.unity3d,moan_soft_light31,,FALSE,FALSE,FALSE,FALSE,FALSE,FALSE,FALSE,FALSE,FALSE
284,29664,2102,(S)MoanSoftLight32,,studio/com_ax_mmd_opennsfw-moanpack[f]-rain_va_/moans[f]_[rain_va_]/bundle.unity3d,moan_soft_light32,,FALSE,FALSE,FALSE,FALSE,FALSE,FALSE,FALSE,FALSE,FALSE
285,29664,2102,(S)MoanSoftLight33,,studio/com_ax_mmd_opennsfw-moanpack[f]-rain_va_/moans[f]_[rain_va_]/bundle.unity3d,moan_soft_light33,,FALSE,FALSE,FALSE,FALSE,FALSE,FALSE,FALSE,FALSE,FALSE
286,29664,2102,(S)MoanSoftLight34,,studio/com_ax_mmd_opennsfw-moanpack[f]-rain_va_/moans[f]_[rain_va_]/bundle.unity3d,moan_soft_light34,,FALSE,FALSE,FALSE,FALSE,FALSE,FALSE,FALSE,FALSE,FALSE
287,29664,2102,(S)MoanSoftLight35,,studio/com_ax_mmd_opennsfw-moanpack[f]-rain_va_/moans[f]_[rain_va_]/bundle.unity3d,moan_soft_light35,,FALSE,FALSE,FALSE,FALSE,FALSE,FALSE,FALSE,FALSE,FALSE